-- phpMyAdmin SQL Dump
-- version 4.8.5
-- https://www.phpmyadmin.net/
--
-- Host: 127.0.0.1
-- Generation Time: Aug 22, 2022 at 07:10 AM
-- Server version: 10.1.38-MariaDB
-- PHP Version: 7.3.3

SET SQL_MODE = "NO_AUTO_VALUE_ON_ZERO";
SET AUTOCOMMIT = 0;
START TRANSACTION;
SET time_zone = "+00:00";


/*!40101 SET @OLD_CHARACTER_SET_CLIENT=@@CHARACTER_SET_CLIENT */;
/*!40101 SET @OLD_CHARACTER_SET_RESULTS=@@CHARACTER_SET_RESULTS */;
/*!40101 SET @OLD_COLLATION_CONNECTION=@@COLLATION_CONNECTION */;
/*!40101 SET NAMES utf8mb4 */;

--
-- Database: `nasc_edc`
--

-- --------------------------------------------------------

--
-- Table structure for table `courses`
--

CREATE TABLE `courses` (
  `id` int(11) NOT NULL,
  `name` varchar(255) NOT NULL,
  `course_code` varchar(100) DEFAULT NULL,
  `department` int(11) NOT NULL,
  `max_stu` int(11) NOT NULL DEFAULT '0',
  `created_at` datetime NOT NULL,
  `status` tinyint(4) NOT NULL DEFAULT '1'
) ENGINE=InnoDB DEFAULT CHARSET=utf8mb4;

--
-- Dumping data for table `courses`
--

INSERT INTO `courses` (`id`, `name`, `course_code`, `department`, `max_stu`, `created_at`, `status`) VALUES
(1, 'Apiculture', '', 1, 24, '2022-08-15 06:39:03', 1),
(2, 'Organic Terrace Farming', '', 1, 23, '2022-08-15 06:40:39', 1),
(3, 'Entrepreneurship Development', '', 2, 28, '2022-08-15 06:44:04', 1),
(4, 'Soft skill Development', '', 2, 19, '2022-08-15 06:44:14', 1),
(5, 'Web Development using HTML - Practical', '', 3, 28, '2022-08-15 06:46:31', 1),
(6, 'Multimedia Tools', '', 3, 28, '2022-08-15 06:46:40', 1),
(7, 'web designing', '', 4, 28, '2022-08-15 06:47:29', 1),
(8, 'Multimedia Technologies', '', 4, 28, '2022-08-15 06:47:36', 1),
(9, 'Gimp', '', 5, 28, '2022-08-15 06:48:16', 1),
(10, 'Practical in Libre office Suiit', '', 5, 26, '2022-08-15 06:48:30', 1),
(11, 'Mathematics for Competitive examinations', '', 6, 4, '2022-08-15 06:49:17', 1),
(12, 'Statistics for Competitive examinations', '', 6, 8, '2022-08-15 06:49:26', 1),
(13, 'Accessory Designing Practical', '', 7, 28, '2022-08-15 06:51:33', 1),
(14, 'Basic Hand Embroidery Practical', '', 7, 28, '2022-08-15 06:51:41', 1),
(15, 'Basics of Nutrition ', '', 8, 20, '2022-08-15 06:52:27', 1),
(16, 'Herbal remedies', '', 8, 11, '2022-08-15 06:52:36', 1),
(17, 'Mushroom Cultivation Technology', '', 9, 19, '2022-08-15 06:53:22', 1),
(18, 'Vermitechnology', '', 9, 1, '2022-08-15 06:53:30', 1),
(19, 'Diet and health', '', 10, 28, '2022-08-15 06:54:08', 1),
(20, 'Photography practical ', '', 11, 28, '2022-08-15 06:54:54', 1),
(21, 'Film production practical', '', 11, 28, '2022-08-15 06:55:02', 1),
(22, 'Public Speaking (Practical)', '', 12, 28, '2022-08-15 06:56:17', 1),
(23, 'Academic Writing ', '', 12, 27, '2022-08-15 06:56:24', 1),
(24, 'Fundamentals of Accounting ', '', 13, 26, '2022-08-15 06:57:04', 1),
(25, 'Modern Banking ', '', 13, 28, '2022-08-15 06:57:14', 1),
(26, 'ELECTRICAL / ELECTRONICS EQUIPMENT SERVICING', '', 14, 15, '2022-08-15 06:58:20', 1),
(27, 'Energy Physics', '', 15, 7, '2022-08-15 06:59:03', 1),
(28, 'Basics of Indian Cookery', '', 16, 28, '2022-08-15 06:59:59', 1),
(29, 'Basics of Chinese Cookery', '', 16, 28, '2022-08-15 07:00:07', 1);

-- --------------------------------------------------------

--
-- Table structure for table `department`
--

CREATE TABLE `department` (
  `id` int(11) NOT NULL,
  `dep_name` varchar(255) NOT NULL,
  `created_at` timestamp NOT NULL DEFAULT CURRENT_TIMESTAMP ON UPDATE CURRENT_TIMESTAMP,
  `status` tinyint(4) NOT NULL DEFAULT '1'
) ENGINE=InnoDB DEFAULT CHARSET=utf8mb4;

--
-- Dumping data for table `department`
--

INSERT INTO `department` (`id`, `dep_name`, `created_at`, `status`) VALUES
(1, 'Bio technology', '2022-08-16 04:25:34', 1),
(2, 'BBA', '2022-08-16 04:25:34', 1),
(3, 'bca', '2022-08-16 04:25:34', 1),
(4, 'computer science', '2022-08-16 04:25:34', 1),
(5, 'it', '2022-08-16 04:25:34', 1),
(6, 'Maths', '2022-08-16 04:25:34', 1),
(7, 'cdf', '2022-08-16 04:25:34', 1),
(8, 'bio chemistry', '2022-08-16 04:53:56', 1),
(9, 'microbiology', '2022-08-16 04:25:34', 1),
(10, 'fsn', '2022-08-16 04:25:34', 1),
(11, 'Viscomm', '2022-08-16 04:25:34', 1),
(12, 'english', '2022-08-16 04:25:34', 1),
(13, 'Commerce', '2022-08-16 04:25:34', 1),
(14, 'ecs', '2022-08-16 04:25:34', 1),
(15, 'physics', '2022-08-16 04:25:34', 1),
(16, 'cshm', '2022-08-16 04:25:34', 1);

-- --------------------------------------------------------

--
-- Table structure for table `department_head`
--

CREATE TABLE `department_head` (
  `id` int(11) NOT NULL,
  `department` int(11) NOT NULL,
  `username` varchar(255) NOT NULL,
  `password` varchar(255) NOT NULL,
  `isAdmin` tinyint(4) NOT NULL DEFAULT '0',
  `created_at` timestamp NOT NULL DEFAULT CURRENT_TIMESTAMP ON UPDATE CURRENT_TIMESTAMP,
  `token` varchar(255) DEFAULT NULL,
  `status` tinyint(4) NOT NULL DEFAULT '1'
) ENGINE=InnoDB DEFAULT CHARSET=utf8mb4;

--
-- Dumping data for table `department_head`
--

INSERT INTO `department_head` (`id`, `department`, `username`, `password`, `isAdmin`, `created_at`, `token`, `status`) VALUES
(1, 1, 'biotech@gmail.com', 'b64eab8ce39e013604e243089c687e4f', 0, '2022-08-16 04:25:34', 'f215923cf124648873883fb50029a090', 1),
(2, 2, 'bba@gmail.com', 'b64eab8ce39e013604e243089c687e4f', 0, '2022-08-16 09:07:17', '542e904d58b2c6267c904d042097ff42', 1),
(3, 3, 'bca@gmail.com', 'b64eab8ce39e013604e243089c687e4f', 1, '2022-08-18 09:52:24', 'f6352290b18bea8866b3d60bfbc67504', 1),
(4, 4, 'cs@gmail.com', 'b64eab8ce39e013604e243089c687e4f', 0, '2022-08-16 04:25:34', 'dc0e1a97524f2090878f1e47bd0f5f6d', 1),
(5, 5, 'it@gmail.com', 'b64eab8ce39e013604e243089c687e4f', 0, '2022-08-16 07:29:16', '57fd73c185c8cdec054734e4b0a0f3d2', 1),
(6, 6, 'maths@gmail.com', 'b64eab8ce39e013604e243089c687e4f', 0, '2022-08-16 04:25:34', 'aab0ee43ffa23d75ce2bcfd4d3522a6d', 1),
(7, 7, 'cdf@gmail.com', 'b64eab8ce39e013604e243089c687e4f', 0, '2022-08-16 04:25:34', '586ae00a9baea9851ec787138cd49818', 1),
(8, 8, 'biochemestry@gmail.com', 'b64eab8ce39e013604e243089c687e4f', 0, '2022-08-16 04:25:34', 'e733efc0373089ee8382fd701cf8290b', 1),
(9, 9, 'microbiology@gmail.com', 'b64eab8ce39e013604e243089c687e4f', 0, '2022-08-16 09:04:21', '57b23a8f63c976b00fe2cb74a0cda96c', 1),
(10, 10, 'fsn@gmail.com', 'b64eab8ce39e013604e243089c687e4f', 0, '2022-08-16 04:25:34', 'd13f07d64d95d1d9381af41092c8451d', 1),
(11, 11, 'viscomm@gmail.com', 'b64eab8ce39e013604e243089c687e4f', 0, '2022-08-16 04:25:34', '155986547b8c45eb3f671f5d644933b6', 1),
(12, 12, 'english@gmail.com', 'b64eab8ce39e013604e243089c687e4f', 0, '2022-08-16 04:25:34', '60ca81897e2a7a183722e3a50948086a', 1),
(13, 13, 'Commerce@gmail.com', 'b64eab8ce39e013604e243089c687e4f', 0, '2022-08-16 04:25:34', '954c7f4b50a76de7797c22ef10a767a3', 1),
(14, 14, 'ecs@gmail.com', 'b64eab8ce39e013604e243089c687e4f', 0, '2022-08-16 04:25:34', 'c3d4926405b83a487dc8ccdfeeb54511', 1),
(15, 15, 'physics@Gmail.com', 'b64eab8ce39e013604e243089c687e4f', 0, '2022-08-16 04:25:34', '157079fd8a81a0d9ac432251a5ff2940', 1),
(16, 16, 'cshm@gmail.com', 'b64eab8ce39e013604e243089c687e4f', 0, '2022-08-16 04:25:34', '48c2b65333cf40c663502a51318ad2b2', 1);

-- --------------------------------------------------------

--
-- Table structure for table `students`
--

CREATE TABLE `students` (
  `id` int(11) NOT NULL,
  `register_no` varchar(50) NOT NULL,
  `name` varchar(255) NOT NULL,
  `dept` int(11) NOT NULL,
  `course` int(11) NOT NULL,
  `year` int(11) NOT NULL,
  `created_at` datetime NOT NULL,
  `status` tinyint(4) NOT NULL DEFAULT '1'
) ENGINE=InnoDB DEFAULT CHARSET=utf8mb4;

--
-- Dumping data for table `students`
--

INSERT INTO `students` (`id`, `register_no`, `name`, `dept`, `course`, `year`, `created_at`, `status`) VALUES
(1, '21UGCA041', 'HARIHARAN M', 3, 23, 2, '2022-08-16 07:15:21', 1),
(2, '21UGCA117', 'VISHNU S NAIR', 3, 7, 2, '2022-08-16 07:17:10', 1),
(3, '21UGCA051', 'KALAIVENI V', 3, 7, 2, '2022-08-16 07:18:04', 1),
(4, '21UGCA068', 'MITHRA V', 3, 7, 2, '2022-08-16 07:20:04', 1),
(5, '21UGCA106', 'SUMITHRA G', 3, 28, 2, '2022-08-16 07:25:14', 1),
(6, '21UGCA076', 'PAVITHRA K', 3, 28, 2, '2022-08-16 07:25:14', 1),
(7, '21UGCA077', 'POOJALAKSHMI P', 3, 2, 2, '2022-08-16 07:25:33', 1),
(9, '21UGCA113', 'VICKY KUMAR CHOUHAN', 3, 7, 2, '2022-08-16 07:28:33', 1),
(10, '21UGCA046', 'JOEL JACOB DANIEL', 3, 21, 2, '2022-08-16 07:29:22', 1),
(11, '21UGCD002', 'AMIRTHA SIVANI', 7, 28, 2, '2022-08-16 07:29:50', 1),
(12, '21UGCA066', 'MAYANK VYAS', 3, 7, 2, '2022-08-16 07:30:09', 1),
(13, '21UGCD001', 'AKSHARA K V', 7, 28, 2, '2022-08-16 07:30:10', 1),
(14, '21UGCD020', 'RAMSANA A', 7, 23, 2, '2022-08-16 07:31:01', 1),
(15, '21UGCD021', 'RISWANA R', 7, 23, 2, '2022-08-16 07:31:01', 1),
(16, '21UGCD009', 'DIMPLE V B', 7, 23, 2, '2022-08-16 07:31:32', 1),
(17, '21UGCA062', 'MANISH KUMAR (03-02-2002)', 3, 7, 2, '2022-08-16 07:31:49', 1),
(18, '21UGCD022', 'SANDRA SHAJI', 7, 28, 2, '2022-08-16 07:33:39', 1),
(19, '21UGCA010', 'AJAL C', 3, 9, 2, '2022-08-16 07:34:12', 1),
(20, '21UGCA120', 'ABHISHEK KUMAR CHOUHAN', 3, 7, 2, '2022-08-16 07:34:14', 1),
(21, '21UGCA034', 'DARSHAN S', 3, 20, 2, '2022-08-16 07:34:26', 1),
(22, '21UGCA027', 'ASAJ S', 3, 20, 2, '2022-08-16 07:34:28', 1),
(23, '21UGCA031', 'ATHUL KRISHNA J', 3, 20, 2, '2022-08-16 07:34:38', 1),
(24, '21UGCA017', 'AKSHAY KRISHNA C', 3, 20, 2, '2022-08-16 07:34:46', 1),
(25, '21UGCA105', 'S SUMESH', 3, 19, 2, '2022-08-16 07:35:09', 1),
(26, '21UGCA085', 'RUPESH', 3, 19, 2, '2022-08-16 07:35:49', 1),
(27, '21UGCD017', 'NITHIS R', 7, 23, 2, '2022-08-16 07:35:52', 1),
(28, '21UGCA015', 'AKASH V', 3, 20, 2, '2022-08-16 07:36:34', 1),
(29, '21UGCA094', 'SATYAM KUMAR', 3, 7, 2, '2022-08-16 07:36:52', 1),
(30, '21UGCI027', 'INDRAJITH PRATHAPAN', 13, 3, 2, '2022-08-16 07:36:53', 1),
(31, '21UGCA048', 'E A JOSEPH JESURAJ', 3, 20, 2, '2022-08-16 07:37:22', 1),
(32, '21UGBN007', 'NIVEDHA R', 8, 19, 2, '2022-08-16 07:37:30', 1),
(33, '21UGCA005', 'ABHIJITH T S', 3, 7, 2, '2022-08-16 07:38:07', 1),
(34, '21UGBN005', 'KARTHIKEYAN P', 8, 19, 2, '2022-08-16 07:38:07', 1),
(35, '21UGCA101', 'SOORAJ S', 3, 7, 2, '2022-08-16 07:38:08', 1),
(36, '21UGBN011', 'SREYA NARAYANAN', 8, 19, 2, '2022-08-16 07:39:32', 1),
(37, '21UGCA060', 'MAHADEVI M', 3, 9, 2, '2022-08-16 07:39:53', 1),
(38, '21UGCI010', 'AROCKIA EDISON A', 13, 7, 2, '2022-08-16 07:40:16', 1),
(39, '21UGCI047', 'THIVAGARAN V', 13, 7, 2, '2022-08-16 07:40:21', 1),
(40, '21UGCA058', 'LAVANYA M', 3, 9, 2, '2022-08-16 07:40:29', 1),
(41, '21UGCI009', 'M ARJUN', 13, 10, 2, '2022-08-16 07:40:30', 1),
(42, '21UGCI029', 'KESAVAN V', 13, 7, 2, '2022-08-16 07:40:40', 1),
(43, '21UGCI007', 'AKSHAY KRISHNAN S', 13, 10, 2, '2022-08-16 07:41:18', 1),
(44, '21UGCI034', 'MOHAMMED FAYAS A', 13, 20, 2, '2022-08-16 07:41:28', 1),
(45, '21UGCI011', 'ASHIQ A', 13, 8, 2, '2022-08-16 07:41:30', 1),
(46, '21UGCI018', 'DEVAPRAKASH N', 13, 20, 2, '2022-08-16 07:41:39', 1),
(47, '21UGCI003', 'ABDULLA S', 13, 20, 2, '2022-08-16 07:41:51', 1),
(48, '21UGCI024', 'HARIHARA KANNAN C', 13, 10, 2, '2022-08-16 07:41:57', 1),
(49, '21UGCI013', 'ATUL KRISHNA', 13, 10, 2, '2022-08-16 07:42:03', 1),
(50, '21UGCI025', 'HARISH A', 13, 7, 2, '2022-08-16 07:42:25', 1),
(51, '21UGCI044', 'SHUHAIL A M', 13, 10, 2, '2022-08-16 07:42:42', 1),
(52, '21UGCI032', 'MOHAMMAD SALMAN M', 13, 10, 2, '2022-08-16 07:42:53', 1),
(53, '21UGCI046', 'THARANRAJ S', 13, 10, 2, '2022-08-16 07:43:58', 1),
(54, '21UGCD019', 'RAAJAVARSHINI S', 7, 20, 2, '2022-08-16 07:44:46', 1),
(55, '21UGCD008', 'DHARANI P', 7, 28, 2, '2022-08-16 07:45:12', 1),
(56, '21UGCD023', 'SHERLIN JENY J', 7, 28, 2, '2022-08-16 07:45:31', 1),
(57, '21UGCD004', 'ARTHI A N', 7, 20, 2, '2022-08-16 07:46:27', 1),
(58, '21UGCD011', 'DIVYA T', 7, 28, 2, '2022-08-16 07:46:47', 1),
(59, '21UGCD015', 'KRITHIKA B', 7, 28, 2, '2022-08-16 07:47:05', 1),
(60, '21UGIT008', 'DHARUNKUMAR V', 5, 19, 2, '2022-08-16 07:47:48', 1),
(61, '21UGBT017', 'KARTHIKA KULAPPULLY', 1, 29, 2, '2022-08-16 07:48:52', 1),
(62, '21UGBT024', 'SHIKHA P K', 1, 29, 2, '2022-08-16 07:49:41', 1),
(63, '21UGIT039', 'YADHAVAN K', 5, 19, 2, '2022-08-16 07:50:18', 1),
(64, '21UGBT008', 'FATHIMA FERZINA', 1, 29, 2, '2022-08-16 07:50:50', 1),
(65, '21UGBT012', 'HASNA FATHIMA H', 1, 29, 2, '2022-08-16 07:52:06', 1),
(66, '21UGBT027', 'SUMAYYA S', 1, 29, 2, '2022-08-16 07:53:25', 1),
(67, '21UGCD005', 'BALA ASWINI N', 7, 28, 2, '2022-08-16 07:53:54', 1),
(68, '21UGCD012', 'GAYATHRI S', 7, 28, 2, '2022-08-16 07:54:12', 1),
(69, '21UGCD003', 'ANU KEERTHANA B', 7, 28, 2, '2022-08-16 07:54:17', 1),
(70, '21UGCD016', 'MENAKA M', 7, 28, 2, '2022-08-16 07:54:33', 1),
(71, '21UGCD014', 'KANIMOZHI K', 7, 28, 2, '2022-08-16 07:54:40', 1),
(72, '21UGBT007', 'DEVIKA V', 1, 29, 2, '2022-08-16 07:55:00', 1),
(73, '21UGBT001', 'ANANYA S', 1, 29, 2, '2022-08-16 07:55:52', 1),
(74, '21UGCA080', 'RAHUL KLUZER', 3, 7, 2, '2022-08-16 07:56:11', 1),
(75, '21UGCA016', 'AKHIL M', 3, 9, 2, '2022-08-16 07:57:30', 1),
(76, '21UGCA045', 'JISHNU M', 3, 20, 2, '2022-08-16 07:57:48', 1),
(77, '21UGCA013', 'AKASH M', 3, 9, 2, '2022-08-16 07:58:15', 1),
(78, '21UGCA022', 'ARAVIND P', 3, 7, 2, '2022-08-16 07:58:31', 1),
(79, '21UGCA007', 'ADWAITH P G', 3, 9, 2, '2022-08-16 07:58:34', 1),
(80, '21UGCD018', 'NITHYA N', 7, 28, 2, '2022-08-16 07:59:29', 1),
(81, '21UGCI019', 'DHANUSHREE R', 13, 23, 2, '2022-08-16 07:59:46', 1),
(82, '21UGCA059', 'MADHAV KRISHNA P B', 3, 20, 2, '2022-08-16 08:00:09', 1),
(83, '21UGCD010', 'DIVYA HARSHINI R', 7, 28, 2, '2022-08-16 08:02:03', 1),
(84, '21UGCS057', 'VISHMITHA V', 4, 14, 2, '2022-08-16 08:06:26', 1),
(85, '21UGCS023', 'JOTHIYAPRABHA S', 4, 14, 2, '2022-08-16 08:06:35', 1),
(86, '21UGCS047', 'SANTHOSH KUMAR M', 4, 5, 2, '2022-08-16 08:06:52', 1),
(87, '21UGCS020', 'JASWANTH M', 4, 5, 2, '2022-08-16 08:07:05', 1),
(88, '21UGCS051', 'SREERAM M', 4, 5, 2, '2022-08-16 08:07:05', 1),
(89, '21UGCS037', 'PRADEEP A', 4, 5, 2, '2022-08-16 08:07:20', 1),
(90, '21UGCS012', 'DHANUSHYA S', 4, 14, 2, '2022-08-16 08:07:34', 1),
(91, '21UGCS046', 'SANTHIYA S', 4, 14, 2, '2022-08-16 08:08:20', 1),
(92, '21UGCS025', 'KADEEJA NOURIN PARAPURATH', 4, 5, 2, '2022-08-16 08:08:42', 1),
(93, '21UGCS055', 'SWETHA S', 4, 14, 2, '2022-08-16 08:09:06', 1),
(94, '21UGCA019', 'ALTHAF AHAMMED J', 3, 7, 2, '2022-08-16 08:09:07', 1),
(95, '21UGAM006', 'MOHAN B', 4, 5, 2, '2022-08-16 08:09:15', 1),
(96, '21UGCS017', 'HARIHARAN S', 4, 5, 2, '2022-08-16 08:09:45', 1),
(97, '21UGCS054', 'SURYA S', 4, 5, 2, '2022-08-16 08:09:58', 1),
(98, '21UGCS029', 'MDAHOMA IDRISSE', 4, 5, 2, '2022-08-16 08:10:49', 1),
(99, '21UGIT030', 'SARUMATHI K', 5, 28, 2, '2022-08-16 08:10:53', 1),
(100, '21UGCI014', 'AZARIAH SUGANTH KIRUBHAKARAN V', 13, 10, 2, '2022-08-16 08:11:00', 1),
(101, '21UGCS041', 'RAMKUMAR T', 4, 5, 2, '2022-08-16 08:11:45', 1),
(102, '21UGCS010', 'BINU KUMAR N', 4, 6, 2, '2022-08-16 08:12:29', 1),
(103, '21UGCS001', 'ADHITHYAN R', 4, 5, 2, '2022-08-16 08:12:55', 1),
(104, '21UGIT037', 'SWATHI P', 5, 28, 2, '2022-08-16 08:13:16', 1),
(105, '21UGIT011', 'DRISHYA G', 5, 28, 2, '2022-08-16 08:14:10', 1),
(106, '21UGIT034', 'SOUMYA SALIM', 5, 28, 2, '2022-08-16 08:14:11', 1),
(107, '21UGCS008', 'ASWIN S', 4, 28, 2, '2022-08-16 08:14:21', 1),
(108, '21UGDF003', 'ABHIRAMI V', 5, 7, 2, '2022-08-16 08:14:32', 1),
(109, '21UGDF024', 'SARAVANAKUMAR S', 5, 7, 2, '2022-08-16 08:14:32', 1),
(110, '21UGCS032', 'MOHANRAJ S', 4, 19, 2, '2022-08-16 08:14:33', 1),
(111, '21UGCS007', 'ASWINKUMAR M', 4, 19, 2, '2022-08-16 08:14:34', 1),
(112, '21UGCS045', 'SANJAYMOORTHY D', 4, 5, 2, '2022-08-16 08:14:49', 1),
(113, '21UGDF023', 'RIYA R', 5, 8, 2, '2022-08-16 08:15:00', 1),
(114, '21UGDF002', 'ABHIJITH S', 5, 8, 2, '2022-08-16 08:15:00', 1),
(115, '21UGDF004', 'AKASH M', 5, 8, 2, '2022-08-16 08:15:01', 1),
(116, '21UGDF017', 'MANIKANDAN V', 5, 8, 2, '2022-08-16 08:15:26', 1),
(117, '21UGIT002', 'AHAMED ASHICK B', 5, 7, 2, '2022-08-16 08:15:38', 1),
(118, '21UGIT020', 'MOHAMMED JESHIL J', 5, 7, 2, '2022-08-16 08:15:50', 1),
(119, '21UGCS026', 'KAVYA K', 4, 28, 2, '2022-08-16 08:15:56', 1),
(120, '21UGCS022', 'JOSHIKA S', 4, 28, 2, '2022-08-16 08:15:58', 1),
(121, '21UGDF006', 'AKHIL R', 5, 8, 2, '2022-08-16 08:16:32', 1),
(122, '21UGDF025', 'SREEDARSH M', 5, 21, 2, '2022-08-16 08:17:02', 1),
(123, '21UGDF019', 'MOHAMMED HASHIM A', 5, 21, 2, '2022-08-16 08:17:05', 1),
(124, '21UGCS003', 'ARCHANA P R', 4, 28, 2, '2022-08-16 08:17:06', 1),
(125, '21UGCS035', 'NINITHA N', 4, 4, 2, '2022-08-16 08:17:10', 1),
(126, '21UGDF008', 'ARJUN L', 5, 8, 2, '2022-08-16 08:17:17', 1),
(127, '21UGCS019', 'HEMA CHANDRIKA V', 4, 28, 2, '2022-08-16 08:17:17', 1),
(128, '21UGDF015', 'JUBIN RAJ K R', 5, 8, 2, '2022-08-16 08:17:28', 1),
(129, '21UGCS030', 'MOHAMED ANSAR ALI M', 4, 28, 2, '2022-08-16 08:17:34', 1),
(130, '21UGCS014', 'FIROSGHAN M', 4, 28, 2, '2022-08-16 08:17:41', 1),
(133, '21UGIT033', 'SIVA M', 5, 21, 2, '2022-08-16 08:17:55', 1),
(135, '21UGCS034', 'NAYANA P', 4, 28, 2, '2022-08-16 08:17:57', 1),
(136, '21UGAM005', 'MK JOSHUA', 4, 14, 2, '2022-08-16 08:18:01', 1),
(137, '21UGDF027', 'SRIVARSHAN G', 5, 20, 2, '2022-08-16 08:18:41', 1),
(138, '21UGDF016', 'MANIKANDAN S', 5, 18, 2, '2022-08-16 08:18:44', 1),
(139, '21UGDF007', 'ARIVUSELVAN S', 5, 29, 2, '2022-08-16 08:18:45', 1),
(140, '21UGDF020', 'MOHAMMED RIZWAN K A', 5, 20, 2, '2022-08-16 08:18:48', 1),
(141, '21UGCC020', 'DINESH S', 9, 1, 2, '2022-08-16 08:19:31', 1),
(142, '21UGCC026', 'MADHAN KUMAR K', 8, 17, 2, '2022-08-16 08:19:37', 1),
(143, '21UGDF021', 'MRITHUL K', 5, 21, 2, '2022-08-16 08:20:04', 1),
(144, '21UGDF022', 'RAHUL B', 5, 21, 2, '2022-08-16 08:20:10', 1),
(145, '21UGDF001', 'A ABDULNAZAR', 5, 7, 2, '2022-08-16 08:20:25', 1),
(146, '21UGCC035', 'MOHAMMED SAFEER S', 7, 29, 2, '2022-08-16 08:20:28', 1),
(147, '21UGAM004', 'JENOFER S', 4, 14, 2, '2022-08-16 08:20:33', 1),
(148, '21UGDF013', 'DHARANESH C', 5, 29, 2, '2022-08-16 08:20:43', 1),
(149, '21UGDF005', 'AKHIL K', 5, 7, 2, '2022-08-16 08:20:43', 1),
(150, '21UGIT040', 'YOGESHWARAN K', 5, 7, 2, '2022-08-16 08:20:54', 1),
(151, '21UGDF014', 'DHARSHINI G', 5, 29, 2, '2022-08-16 08:20:55', 1),
(152, '21UGDF012', 'CHRISTY S', 5, 29, 2, '2022-08-16 08:21:01', 1),
(153, '21UGCS048', 'SHAHID AFREED F', 4, 20, 2, '2022-08-16 08:21:25', 1),
(154, '21UGCC012', 'APZAL RAHMAN A', 10, 29, 2, '2022-08-16 08:21:55', 1),
(155, '21UGCC013', 'ARUN M', 7, 29, 2, '2022-08-16 08:22:19', 1),
(157, '21UGCC022', 'HARI PRASAD V', 12, 19, 2, '2022-08-16 08:22:34', 1),
(158, '21UGCC037', 'MOHAMMED ZAMEEL A', 7, 8, 2, '2022-08-16 08:22:52', 1),
(159, '21UGCC008', 'AMALKRISHNA P', 5, 7, 2, '2022-08-16 08:22:54', 1),
(160, '21UGCC028', 'MAHESH PRABHU P', 12, 19, 2, '2022-08-16 08:22:58', 1),
(161, '21UGCC016', 'BALAJI S', 7, 8, 2, '2022-08-16 08:23:00', 1),
(162, '21UGIT004', 'ASHIF A', 5, 7, 2, '2022-08-16 08:23:05', 1),
(163, '21UGIT032', 'SELVARAJ D', 5, 25, 2, '2022-08-16 08:23:06', 1),
(164, '21UGCC025', 'KRISHNA VALSAN M', 11, 8, 2, '2022-08-16 08:23:13', 1),
(165, '21UGIT038', 'VISHNU B', 5, 7, 2, '2022-08-16 08:23:19', 1),
(166, '21UGCC007', 'AKASH N JAYAPRAKASH', 11, 8, 2, '2022-08-16 08:23:20', 1),
(167, '21UGCC019', 'DHARSAN N', 11, 8, 2, '2022-08-16 08:23:21', 1),
(168, '21UGCS038', 'PRANAV C P', 4, 20, 2, '2022-08-16 08:23:26', 1),
(169, '21UGCC036', 'MOHAMMED SHAMEEM AKTHAR M', 11, 8, 2, '2022-08-16 08:23:28', 1),
(170, '21UGDT005', 'ANAND T MANOJ', 4, 29, 2, '2022-08-16 08:23:33', 1),
(171, '21UGCC024', 'KAVI RAJA T', 12, 19, 2, '2022-08-16 08:23:37', 1),
(172, '21UGDF026', 'SREEDEVI S NAIR', 5, 23, 2, '2022-08-16 08:23:40', 1),
(173, '21UGCC034', 'MOHAMMED RANEEB S', 11, 8, 2, '2022-08-16 08:23:43', 1),
(174, '21UGDF010', 'ATHIRA G', 5, 23, 2, '2022-08-16 08:23:46', 1),
(175, '21UGCC015', 'ASWIN K', 11, 8, 2, '2022-08-16 08:23:48', 1),
(176, '21UGCH008', 'ASHISH RANJAN', 16, 23, 2, '2022-08-16 08:23:52', 1),
(177, '21UGCC032', 'MOHAMMED AZARUDHEEN R', 7, 8, 2, '2022-08-16 08:23:54', 1),
(178, '21UGDF009', 'ATHIRA B', 5, 8, 2, '2022-08-16 08:23:55', 1),
(179, '21UGIT005', 'ASHWIN KUMAR V L', 5, 7, 2, '2022-08-16 08:23:57', 1),
(180, '21UGDF018', 'MANYA S', 5, 8, 2, '2022-08-16 08:24:01', 1),
(181, '21UGDF028', 'SRUTHI S', 5, 8, 2, '2022-08-16 08:24:02', 1),
(182, '21UGIT010', 'DINESH KUMAR', 5, 8, 2, '2022-08-16 08:24:34', 1),
(183, '21UGCS005', 'ASHKAR ISMAYIL', 4, 20, 2, '2022-08-16 08:24:46', 1),
(184, '21UGIT028', 'SABARI NATHAN S', 5, 5, 2, '2022-08-16 08:25:15', 1),
(185, '21UGCC023', 'KAVINKUMAR R', 9, 1, 2, '2022-08-16 08:25:16', 1),
(186, '21UGIT022', 'NICHOLAS PRAVEENKUMAR D S', 5, 8, 2, '2022-08-16 08:25:27', 1),
(187, '21UGIT036', 'SUJITH M', 5, 5, 2, '2022-08-16 08:25:49', 1),
(188, '21UGCC021', 'FASEELA M B', 13, 21, 2, '2022-08-16 08:26:56', 1),
(189, '21UGCS024', 'JUWIN PRASAD', 4, 20, 2, '2022-08-16 08:26:57', 1),
(190, '21UGDT009', 'ASWAN M', 4, 20, 2, '2022-08-16 08:27:11', 1),
(191, '21UGDT018', 'SOORAJ S', 4, 20, 2, '2022-08-16 08:27:30', 1),
(192, '21UGDT002', 'ADITH KRISHNA S', 4, 20, 2, '2022-08-16 08:27:35', 1),
(193, '21UGDT012', 'MUHAMMED ALI S', 4, 20, 2, '2022-08-16 08:27:41', 1),
(194, '21UGIT018', 'MITHESH GAJA KIRAN RAO A A', 5, 8, 2, '2022-08-16 08:27:43', 1),
(195, '21UGCC004', 'AJAY M', 7, 29, 2, '2022-08-16 08:27:49', 1),
(196, '21UGDF011', 'BHARATH KUMAR S', 5, 20, 2, '2022-08-16 08:28:19', 1),
(197, '21UGVC024', 'MUHAMMED RISWAN S', 11, 23, 2, '2022-08-16 08:28:43', 1),
(198, '21UGCC029', 'MARIA RESHMA M', 13, 21, 2, '2022-08-16 08:28:45', 1),
(199, '21UGCC010', 'ANFIYA F', 13, 21, 2, '2022-08-16 08:28:59', 1),
(200, '21UGCC017', 'BHARATHRAJ B', 7, 29, 2, '2022-08-16 08:29:18', 1),
(201, '21UGCC002', 'ADHIL FAYAS R', 7, 21, 2, '2022-08-16 08:29:31', 1),
(202, '21UGCC027', 'MAHESH KUMAR M', 16, 19, 2, '2022-08-16 08:30:10', 1),
(203, '21UGCS011', 'DEVIDASAN M', 4, 20, 2, '2022-08-16 08:30:11', 1),
(204, '21UGCC005', 'AJEEZ AHMED S', 7, 21, 2, '2022-08-16 08:30:14', 1),
(205, '21UGCC014', 'ARUNDHATHI P', 13, 14, 2, '2022-08-16 08:30:35', 1),
(206, '21UGCC018', 'DEVI VIJAYAN', 13, 21, 2, '2022-08-16 08:31:14', 1),
(207, '21UGVC012', 'BALACHANDHAR S', 11, 5, 2, '2022-08-16 08:31:23', 1),
(208, '21UGVC044', 'SWEDHARASI V', 11, 13, 2, '2022-08-16 08:31:43', 1),
(209, '21UGCC009', 'ANANTHI S', 13, 14, 2, '2022-08-16 08:32:17', 1),
(210, '21UGVC025', 'MUHAMMED SHAHIN C', 11, 19, 2, '2022-08-16 08:32:21', 1),
(211, '21UGIT017', 'MEIARASU T', 5, 29, 2, '2022-08-16 08:32:49', 1),
(212, '21UGCC006', 'AJMAL RAFIK N', 7, 21, 2, '2022-08-16 08:33:20', 1),
(213, '21UGVC020', 'KAILASH P', 11, 1, 2, '2022-08-16 08:34:53', 1),
(214, '21UGVC017', 'GOWRIES C C', 11, 13, 2, '2022-08-16 08:34:57', 1),
(215, '21UGAM002', 'S AKSHAY', 4, 5, 2, '2022-08-16 08:35:17', 1),
(216, '21UGCC033', 'MOHAMMED JABIR A', 7, 8, 2, '2022-08-16 08:35:27', 1),
(217, '21UGCI017', 'DEEPALAKSHMI S', 13, 29, 2, '2022-08-16 08:35:50', 1),
(218, '21UGCI008', 'ANANTHI S', 13, 16, 2, '2022-08-16 08:36:07', 1),
(219, '21UGVC027', 'NEVIN K ROY', 11, 9, 2, '2022-08-16 08:36:44', 1),
(220, '21UGVC040', 'SOYA S', 11, 13, 2, '2022-08-16 08:36:46', 1),
(221, '21UGCA012', 'AKASH CHOUDHARY', 3, 26, 2, '2022-08-16 08:38:17', 1),
(222, '21UGCI021', 'GAYATHRI C R', 13, 16, 2, '2022-08-16 08:38:19', 1),
(223, '21UGVC032', 'RANJANI M S', 11, 13, 2, '2022-08-16 08:38:29', 1),
(224, '21UGCI006', 'AKHIL SURESH', 13, 16, 2, '2022-08-16 08:39:06', 1),
(225, '21UGCI020', 'DURGADEVI A', 13, 16, 2, '2022-08-16 08:39:43', 1),
(226, '21UGCA057', 'KRISHNADATHAN C', 3, 23, 2, '2022-08-16 08:39:49', 1),
(227, '21UGVC022', 'MEGHANA M M', 11, 13, 2, '2022-08-16 08:40:05', 1),
(228, '21UGCA036', 'DHAKSHESH B', 3, 8, 2, '2022-08-16 08:40:11', 1),
(229, '21UGVC033', 'ROHITH N G', 11, 13, 2, '2022-08-16 08:40:13', 1),
(230, '21UGCA023', 'ARJUN K J', 3, 8, 2, '2022-08-16 08:40:24', 1),
(231, '21UGVC037', 'SHIFANA KABEER K K', 11, 13, 2, '2022-08-16 08:40:30', 1),
(232, '21UGVC045', 'VARSHA S S', 11, 13, 2, '2022-08-16 08:40:32', 1),
(233, '21UGCC039', 'MONISH R N', 13, 20, 2, '2022-08-16 08:40:45', 1),
(234, '21UGCC060', 'SARAN DEV S', 13, 20, 2, '2022-08-16 08:40:57', 1),
(235, '21UGCC011', 'ANSHAF MOHAMED M', 13, 6, 2, '2022-08-16 08:40:59', 1),
(236, '21UGCC044', 'NAVEEN V', 13, 20, 2, '2022-08-16 08:41:12', 1),
(237, '21UGCI038', 'PRAVEENA A', 13, 29, 2, '2022-08-16 08:41:21', 1),
(238, '21UGCS052', 'SREEHARI S', 4, 21, 2, '2022-08-16 08:41:30', 1),
(239, '21UGCA003', 'ABHAY P ANIL', 3, 8, 2, '2022-08-16 08:42:02', 1),
(240, '21UGCS043', 'RUBI V', 4, 3, 2, '2022-08-16 08:42:07', 1),
(241, '21UGDT019', 'SRILEKHA S', 4, 5, 2, '2022-08-16 08:42:08', 1),
(242, '21UGDT023', 'VISHNUDEV K', 4, 21, 2, '2022-08-16 08:43:04', 1),
(243, '21UGCH034', 'SAHEB RAZA', 16, 21, 2, '2022-08-16 08:43:31', 1),
(244, '21UGCD024', 'SYAMRAJ K R', 12, 29, 2, '2022-08-16 08:43:39', 1),
(245, '21UGCC061', 'SARANYA N', 13, 22, 2, '2022-08-16 08:44:02', 1),
(246, '21UGCC066', 'SNEHA R NAIR', 13, 22, 2, '2022-08-16 08:44:03', 1),
(247, '21UGCC062', 'SATHISH KUMAR K', 13, 21, 2, '2022-08-16 08:44:07', 1),
(248, '21UGCC046', 'NISHOK K R V', 13, 6, 2, '2022-08-16 08:44:33', 1),
(249, '21UGCS031', 'MOHAMMED FARDHIN IRSHATH A', 4, 5, 2, '2022-08-16 08:45:03', 1),
(250, '21UGCC054', 'RAJESH A', 13, 21, 2, '2022-08-16 08:45:35', 1),
(251, '21UGCC067', 'SOURAV RAJ R', 13, 21, 2, '2022-08-16 08:45:42', 1),
(252, '21UGEN003', 'GOWSHIKHA KARUNA C K', 12, 19, 2, '2022-08-16 08:45:51', 1),
(253, '21UGCC053', 'RAJASEKAR N', 13, 21, 2, '2022-08-16 08:45:52', 1),
(254, '21UGEN009', 'SHWEATHA M', 12, 19, 2, '2022-08-16 08:45:53', 1),
(255, '21UGEN011', 'VISHNUPRIYA R', 12, 19, 2, '2022-08-16 08:45:58', 1),
(256, '21UGCI037', 'NEVEDHA B', 13, 14, 2, '2022-08-16 08:46:02', 1),
(257, '21UGVC008', 'ASWATHY K R', 11, 22, 2, '2022-08-16 08:46:56', 1),
(258, '21UGCC030', 'MOHAMMED ANAS S', 7, 8, 2, '2022-08-16 08:48:56', 1),
(259, '21UGDT003', 'AKHIL M', 4, 13, 2, '2022-08-16 08:49:08', 1),
(260, '21UGAM001', 'AFSAL T S', 3, 14, 2, '2022-08-16 08:49:13', 1),
(261, '21UGCD025', 'VARSHA M', 12, 29, 2, '2022-08-16 08:49:16', 1),
(262, '21UGBI031', 'NITISH KUMAR', 2, 25, 2, '2022-08-16 08:49:47', 1),
(263, '21UGCD013', 'HARISH KESAVAN V', 13, 13, 2, '2022-08-16 08:50:32', 1),
(264, '21UGDT001', 'ABDUL JASIM JALEEL A J', 4, 3, 2, '2022-08-16 08:50:37', 1),
(265, '21UGCC048', 'PAPPIN P', 13, 5, 2, '2022-08-16 08:50:40', 1),
(266, '21UGAM008', 'SREYAS KUMAR K', 4, 3, 2, '2022-08-16 08:50:44', 1),
(267, '21UGEN007', 'SAFRIN F', 12, 19, 2, '2022-08-16 08:50:57', 1),
(268, '21UGCC055', 'REMYA R', 13, 19, 2, '2022-08-16 08:51:02', 1),
(269, '21UGDT008', 'ASIF V M', 4, 3, 2, '2022-08-16 08:51:05', 1),
(270, '21UGDT022', 'VIMALRAJ S', 4, 16, 2, '2022-08-16 08:51:09', 1),
(271, '21UGDT013', 'PRAVEEN KUMAR J', 4, 16, 2, '2022-08-16 08:51:19', 1),
(272, '21UGCS018', 'HARISH RAHUL G P', 4, 23, 2, '2022-08-16 08:52:04', 1),
(273, '21UGCH048', 'VIVEK KUMAR', 16, 23, 2, '2022-08-16 08:52:05', 1),
(274, '21UGCS039', 'PRAVEEN KUMAR K', 4, 23, 2, '2022-08-16 08:52:52', 1),
(275, '21UGCP051', 'SYED NAFEEZ HUSSIAN I', 13, 21, 2, '2022-08-16 08:53:37', 1),
(276, '21UGCC059', 'SANJAY S', 13, 21, 2, '2022-08-16 08:53:56', 1),
(277, '21UGCP054', 'VIDHULA SREE A', 7, 23, 2, '2022-08-16 08:54:34', 1),
(278, '21UGCS049', 'SHIJOY G', 4, 29, 2, '2022-08-16 08:54:50', 1),
(279, '21UGCP018', 'DIBUL JAFFER K', 13, 21, 2, '2022-08-16 08:54:52', 1),
(280, '21UGCS050', 'SOORAJ S', 4, 29, 2, '2022-08-16 08:54:58', 1),
(281, '21UGCP044', 'PRIYADHARSHAN K', 13, 23, 2, '2022-08-16 08:55:15', 1),
(282, '21UGCS028', 'MANIVEL S', 4, 5, 2, '2022-08-16 08:55:29', 1),
(283, '21UGCS044', 'SAJEEV S', 4, 5, 2, '2022-08-16 08:55:30', 1),
(284, '21UGCP037', 'MUHAMMED SAHAL A D', 13, 3, 2, '2022-08-16 08:55:45', 1),
(285, '21UGCP035', 'MOHAMMED AFRIN M', 13, 3, 2, '2022-08-16 08:55:46', 1),
(286, '21UGCP021', 'GOKUL K', 13, 3, 2, '2022-08-16 08:55:49', 1),
(287, '21UGCS042', 'ROHITH S', 4, 29, 2, '2022-08-16 08:55:59', 1),
(288, '21UGCP002', 'ABHINAND K', 13, 3, 2, '2022-08-16 08:56:02', 1),
(289, '21UGCP005', 'AHAMAD AKRAM N', 13, 3, 2, '2022-08-16 08:56:13', 1),
(290, '21UGCP041', 'PRAGATHEESHWAR P', 13, 21, 2, '2022-08-16 08:56:41', 1),
(291, '21UGCC071', 'VISHNU C', 13, 22, 2, '2022-08-16 08:56:49', 1),
(292, '21UGCP050', 'SWETHA A', 13, 14, 2, '2022-08-16 08:56:54', 1),
(293, '21UGCC045', 'NIDHIN TOM', 13, 22, 2, '2022-08-16 08:56:55', 1),
(294, '21UGCP039', 'K S NITHYA', 13, 14, 2, '2022-08-16 08:56:55', 1),
(295, '21UGCP009', 'APARNA K S', 13, 14, 2, '2022-08-16 08:56:59', 1),
(296, '21UGCP012', 'BINU D', 13, 3, 2, '2022-08-16 08:56:59', 1),
(297, '21UGCC072', 'VITHINI MOL S', 13, 3, 2, '2022-08-16 08:57:03', 1),
(298, '21UGCP052', 'THRISHA MANI R U', 13, 13, 2, '2022-08-16 08:57:06', 1),
(299, '21UGCP015', 'DEVASRI B', 13, 14, 2, '2022-08-16 08:57:07', 1),
(300, '21UGVC003', 'AKASH S', 11, 13, 2, '2022-08-16 08:57:35', 1),
(301, '21UGCP034', 'MAHESHKUMAR R', 13, 21, 2, '2022-08-16 08:57:35', 1),
(302, '21UGCP008', 'ANURAG MOHAN', 13, 3, 2, '2022-08-16 08:57:47', 1),
(303, '21UGVC004', 'ALEN R C', 11, 13, 2, '2022-08-16 08:58:03', 1),
(304, '21UGCC049', 'PAVITHRA G', 12, 2, 2, '2022-08-16 08:58:03', 1),
(305, '21UGCC052', 'RACHEL PRISCILLA R', 12, 2, 2, '2022-08-16 08:58:03', 1),
(306, '21UGCP026', 'JESMINA KHATOON J', 7, 29, 2, '2022-08-16 08:58:04', 1),
(307, '21UGAM009', 'VISHNUJITH V', 3, 3, 2, '2022-08-16 08:58:09', 1),
(308, '21UGCP014', 'DEEPADHARSHAN V', 11, 23, 2, '2022-08-16 08:58:18', 1),
(309, '21UGDT006', 'ARJUN N', 4, 3, 2, '2022-08-16 08:58:18', 1),
(310, '21UGCC056', 'RIJIN V R', 13, 22, 2, '2022-08-16 08:58:19', 1),
(311, '21UGCP011', 'ASARUDEEN M', 13, 21, 2, '2022-08-16 08:58:33', 1),
(312, '21UGEN006', 'PILLAI DEVAKI UNNIKRISHNA', 12, 19, 2, '2022-08-16 08:58:39', 1),
(313, '21UGCA082', 'RAMPRAKASH P', 3, 19, 2, '2022-08-16 08:58:41', 1),
(314, '21UGCP020', 'ESSAI TAMIL SELVAN S', 13, 21, 2, '2022-08-16 08:58:49', 1),
(315, '21UGCC043', 'NAVEEN KUMAR M', 13, 21, 2, '2022-08-16 08:58:50', 1),
(316, '21UGCP042', 'PRATHAP S', 13, 3, 2, '2022-08-16 08:58:51', 1),
(317, '21UGCC069', 'VAISHNAVI S', 13, 23, 2, '2022-08-16 08:58:56', 1),
(318, '21UGCA021', 'APARNA P U', 3, 9, 2, '2022-08-16 08:59:22', 1),
(319, '21UGCP025', 'JAI YOGESH K', 13, 10, 2, '2022-08-16 08:59:29', 1),
(320, '21UGCA025', 'ARUNA G', 3, 9, 2, '2022-08-16 08:59:31', 1),
(321, '21UGCC038', 'MONIKA V R', 13, 23, 2, '2022-08-16 08:59:33', 1),
(322, '21UGCC065', 'SNEHA B', 13, 3, 2, '2022-08-16 08:59:36', 1),
(323, '21UGEN008', 'SHISHIRA L', 12, 19, 2, '2022-08-16 08:59:36', 1),
(324, '21UGCP038', 'NAVYA R', 13, 14, 2, '2022-08-16 08:59:36', 1),
(325, '21UGCC068', 'SRI SAKTHI KALA G', 13, 3, 2, '2022-08-16 08:59:51', 1),
(326, '21UGCA116', 'VISHNU PRADEESH P', 3, 19, 2, '2022-08-16 08:59:52', 1),
(327, '21UGCA067', 'MEGHA M', 3, 14, 2, '2022-08-16 08:59:54', 1),
(328, '21UGCC001', 'AADHIL S', 15, 19, 2, '2022-08-16 08:59:56', 1),
(329, '21UGCA100', 'SNEHA A', 3, 14, 2, '2022-08-16 08:59:57', 1),
(330, '21UGCH004', 'AKASH KUMAR', 16, 23, 2, '2022-08-16 09:00:09', 1),
(331, '21UGCP045', 'PRIYADHARSHINI J', 13, 29, 2, '2022-08-16 09:00:21', 1),
(332, '21UGCP033', 'MADHU BALA B', 13, 29, 2, '2022-08-16 09:00:24', 1),
(333, '21UGCP013', 'CHANDRALEKA S', 13, 5, 2, '2022-08-16 09:00:27', 1),
(334, '21UGCP043', 'PRAVEENA D', 13, 10, 2, '2022-08-16 09:00:28', 1),
(335, '21UGCC063', 'SHAMEEL S', 13, 19, 2, '2022-08-16 09:00:41', 1),
(336, '21UGCP024', 'HEMA C', 13, 14, 2, '2022-08-16 09:00:43', 1),
(337, '21UGCP032', 'LAVANYA D', 13, 5, 2, '2022-08-16 09:00:54', 1),
(338, '21UGCP040', 'NIVETHA S', 13, 5, 2, '2022-08-16 09:00:55', 1),
(339, '21UGCP010', 'ARUN KUMAR K', 13, 27, 2, '2022-08-16 09:01:13', 1),
(340, '21UGCP017', 'DHARSHINI S G', 13, 5, 2, '2022-08-16 09:01:19', 1),
(341, '21UGCC064', 'SIVAGURUNATHAN P M', 13, 19, 2, '2022-08-16 09:01:52', 1),
(342, '21UGCP028', 'KARTHICK A', 13, 12, 2, '2022-08-16 09:01:54', 1),
(343, '21UGCP006', 'AL ANUSH FATHIMA U', 13, 5, 2, '2022-08-16 09:02:03', 1),
(344, '21UGCP046', 'SANJEEV V', 13, 17, 2, '2022-08-16 09:02:15', 1),
(345, '21UGCP030', 'KRISHNA KUMAR R', 13, 17, 2, '2022-08-16 09:02:15', 1),
(346, '21UGCP048', 'SINDHUJA D', 13, 15, 2, '2022-08-16 09:02:23', 1),
(347, '21UGDT004', 'ANAND P M', 4, 3, 2, '2022-08-16 09:02:41', 1),
(348, '21UGCP029', 'KARTHIGAN K', 13, 17, 2, '2022-08-16 09:02:41', 1),
(349, '21UGCP023', 'GURUPRASATH S', 13, 17, 2, '2022-08-16 09:03:03', 1),
(350, '21UGCP007', 'AMAL KATHEENA N B', 13, 5, 2, '2022-08-16 09:03:30', 1),
(352, '21UGEN010', 'SISIRA C', 12, 19, 2, '2022-08-16 09:04:08', 1),
(353, '21UGCC040', 'MUSAIB I', 13, 22, 2, '2022-08-16 09:04:37', 1),
(354, '21UGCC050', 'PAVITHRA K', 13, 23, 2, '2022-08-16 09:04:40', 1),
(355, '21UGCA071', 'MOHAMMED SANSHA M', 3, 22, 2, '2022-08-16 09:04:50', 1),
(356, '21UGCP036', 'MOHANA SABAREES G', 13, 17, 2, '2022-08-16 09:04:53', 1),
(357, '21UGCA002', 'ABDUL KATHAR UVAIS S', 3, 22, 2, '2022-08-16 09:04:57', 1),
(358, '21UGCA096', 'SHIFA M', 3, 9, 2, '2022-08-16 09:06:16', 1),
(359, '21UGCA099', 'SIVAKUMAR G', 3, 9, 2, '2022-08-16 09:07:10', 1),
(360, '21UGCA042', 'HARSHID AHAMMED I', 3, 10, 2, '2022-08-16 09:07:33', 1),
(361, '21UGCA079', 'RAHNA SHERIN R', 3, 9, 2, '2022-08-16 09:07:49', 1),
(362, '21UGCA026', 'ARYA M U', 3, 15, 2, '2022-08-16 09:07:56', 1),
(363, '21UGCA104', 'SREERAM R', 3, 26, 2, '2022-08-16 09:08:08', 1),
(364, '21UGCA038', 'GAYATHRI M', 3, 9, 2, '2022-08-16 09:08:39', 1),
(365, '21UGCA111', 'UJWAL U', 3, 26, 2, '2022-08-16 09:09:01', 1),
(366, '21UGCA090', 'SANDEEP K S', 3, 26, 2, '2022-08-16 09:09:13', 1),
(367, '21UGCH040', 'SIDDHARTH KUMAR JHA', 16, 23, 2, '2022-08-16 09:09:32', 1),
(368, '21UGCA078', 'PRAVEEN KUMAR P', 3, 9, 2, '2022-08-16 09:09:51', 1),
(369, '21UGCA109', 'THANZIL RAHMAN F', 3, 16, 2, '2022-08-16 09:09:58', 1),
(370, '21UGCA073', 'NANDANA M', 3, 9, 2, '2022-08-16 09:10:22', 1),
(371, '21UGCA112', 'VEERASAKTHISWARAN R', 3, 9, 2, '2022-08-16 09:11:45', 1),
(372, '21UGCP016', 'DHANASEKAR N', 13, 17, 2, '2022-08-16 09:12:01', 1),
(373, '21UGCC070', 'VIGNESHWARAN T', 13, 3, 2, '2022-08-16 09:12:12', 1),
(374, '21UGCA091', 'SANJAY BABU', 3, 9, 2, '2022-08-16 09:12:24', 1),
(375, '21UGCA081', 'RAJITH S', 3, 22, 2, '2022-08-16 09:12:27', 1),
(376, '21UGCC058', 'SAHEER AFSEER A', 13, 3, 2, '2022-08-16 09:12:39', 1),
(377, '21UGVC042', 'SREEKUMAR P B', 11, 26, 2, '2022-08-16 09:12:47', 1),
(378, '21UGCH050', 'KHUSHABOO KUMARI', 16, 23, 2, '2022-08-16 09:13:03', 1),
(379, '21UGVC028', 'NOBLE ANTO L', 11, 23, 2, '2022-08-16 09:13:12', 1),
(380, '21UGCC041', 'NAGAVIGNESH S', 12, 2, 2, '2022-08-16 09:13:16', 1),
(381, '21UGVC007', 'AROMAL S', 11, 23, 2, '2022-08-16 09:13:24', 1),
(382, '21UGCP001', 'ABHIDHIJ K S', 13, 3, 2, '2022-08-16 09:13:26', 1),
(383, '21UGEN005', 'NIMISHA P V', 12, 3, 2, '2022-08-16 09:13:33', 1),
(384, '21UGCP056', 'YUGHANDHARA K N', 13, 3, 2, '2022-08-16 09:13:34', 1),
(385, '21UGCD007', 'DHANUSH KUMAR G M', 7, 23, 2, '2022-08-16 09:14:02', 1),
(386, '21UGCP027', 'KARNAVEL E', 13, 4, 2, '2022-08-16 09:14:13', 1),
(387, '21UGCP047', 'SIDHARTH S', 13, 3, 2, '2022-08-16 09:14:31', 1),
(388, '21UGCP049', 'SIVARANJINI S NAIR', 13, 3, 2, '2022-08-16 09:14:39', 1),
(389, '21UGIT023', 'PRAKASHRAJ S', 5, 5, 2, '2022-08-16 09:15:37', 1),
(390, '21UGCC051', 'PRAJIN S', 13, 3, 2, '2022-08-16 09:17:06', 1),
(391, '21UGIT029', 'SAMSON MATHEW S', 5, 6, 2, '2022-08-16 09:17:16', 1),
(392, '21UGCC047', 'NITHEESH S', 13, 3, 2, '2022-08-16 09:17:22', 1),
(393, '21UGCC057', 'RITHICK ROSHAN L', 12, 2, 2, '2022-08-16 09:17:50', 1),
(394, '21UGIT019', 'MOHAMED RASIK M', 5, 4, 2, '2022-08-16 09:17:53', 1),
(395, '21UGIT006', 'CHANDRU K', 5, 6, 2, '2022-08-16 09:18:35', 1),
(396, '21UGCP053', 'VIBIKUMAR V', 13, 26, 2, '2022-08-16 09:19:01', 1),
(397, '21UGIT007', 'DHARSAN B', 5, 6, 2, '2022-08-16 09:19:06', 1),
(398, '21UGBI001', 'ABBAS MANDHIRI S', 2, 24, 2, '2022-08-16 09:19:38', 1),
(399, '21UGIT013', 'JAGAN K J', 5, 24, 2, '2022-08-16 09:19:52', 1),
(400, '21UGCA001', 'AARYA S', 3, 15, 2, '2022-08-16 09:20:19', 1),
(401, '21UGIT014', 'JUNAIDH M', 5, 6, 2, '2022-08-16 09:20:27', 1),
(402, '21UGBI006', 'ANAND M', 2, 25, 2, '2022-08-16 09:21:01', 1),
(403, '21UGBC002', 'AKSHAYA A', 2, 24, 2, '2022-08-16 09:21:01', 1),
(404, '21UGCH046', 'VIKRAM KUMAR', 16, 23, 2, '2022-08-16 09:21:21', 1),
(405, '21UGBT023', 'SHAMITHA J', 1, 13, 2, '2022-08-16 09:21:40', 1),
(406, '21UGBT006', 'DEEPANJALI S', 1, 13, 2, '2022-08-16 09:21:46', 1),
(407, '21UGBT029', 'G UMAMAGESHWARI', 1, 13, 2, '2022-08-16 09:21:47', 1),
(408, '21UGBT013', 'JENNIFER MARIYA P', 1, 13, 2, '2022-08-16 09:21:50', 1),
(409, '21UGIT016', 'MANI K', 5, 6, 2, '2022-08-16 09:22:13', 1),
(410, '21UGBI002', 'ABHAY S', 4, 25, 2, '2022-08-16 09:22:20', 1),
(411, '21UGBT026', 'SREEVARSHINI S', 1, 13, 2, '2022-08-16 09:22:21', 1),
(412, '21UGBL028', 'KARAN KAMAL', 2, 24, 2, '2022-08-16 09:22:54', 1),
(413, '21UGBL048', 'V SIBI ANAND', 2, 6, 2, '2022-08-16 09:23:16', 1),
(414, '21UGCC042', 'NANDHANA M S', 13, 22, 2, '2022-08-16 09:23:17', 1),
(415, '21UGBL006', 'AJAY KRISHNA S', 2, 24, 2, '2022-08-16 09:23:19', 1),
(416, '21UGBL008', 'AKASH KRISHNA P', 2, 24, 2, '2022-08-16 09:23:24', 1),
(417, '21UGBT005', 'ARYA R', 1, 13, 2, '2022-08-16 09:23:28', 1),
(418, '21UGBT028', 'THRISHA G', 1, 13, 2, '2022-08-16 09:23:51', 1),
(419, '21UGBL014', 'BETHAPUDI SREE REVANTH CHOUDHARY', 2, 6, 2, '2022-08-16 09:23:54', 1),
(420, '21UGBT031', 'YASMEEN PARWEEN', 1, 13, 2, '2022-08-16 09:23:55', 1),
(421, '21UGBL007', 'AKASH KRISHNA M', 2, 10, 2, '2022-08-16 09:23:56', 1),
(422, '21UGBL012', 'ASWIN S', 11, 14, 2, '2022-08-16 09:23:59', 1),
(423, '21UGBL043', 'RAHUL M', 2, 24, 2, '2022-08-16 09:24:02', 1),
(424, '21UGBL003', 'AFREEDH AHAMED S', 2, 24, 2, '2022-08-16 09:24:02', 1),
(425, '21UGBL027', 'JASEEL T J', 2, 14, 2, '2022-08-16 09:24:06', 1),
(426, '21UGCP055', 'VIJAY VARSHAN S', 13, 11, 2, '2022-08-16 09:24:15', 1),
(427, '21UGBL025', 'IRFAN S', 2, 24, 2, '2022-08-16 09:24:17', 1),
(428, '21UGBL011', 'ASWAJITH R', 2, 13, 2, '2022-08-16 09:24:17', 1),
(429, '21UGBC014', 'KISHORE T', 2, 24, 2, '2022-08-16 09:24:27', 1),
(430, '21UGBL030', 'MOHAMED THOUFIK M', 2, 9, 2, '2022-08-16 09:24:38', 1),
(431, '21UGBL031', 'MOHAMMAD RIZWAN M A', 2, 25, 2, '2022-08-16 09:25:07', 1),
(432, '21UGBL041', 'NASIH IBNU SALEEM', 2, 6, 2, '2022-08-16 09:25:13', 1),
(433, '21UGBL042', 'RAHUL C M', 2, 6, 2, '2022-08-16 09:25:23', 1),
(434, '21UGBL017', 'FIROS B', 2, 6, 2, '2022-08-16 09:25:25', 1),
(435, '21UGBL039', 'NAIM MEERA HUSSAIN A', 2, 13, 2, '2022-08-16 09:25:26', 1),
(436, '21UGBC039', 'THARIK A', 11, 13, 2, '2022-08-16 09:25:31', 1),
(437, '21UGBT018', 'KRISHNENDHU K NAIR', 1, 13, 2, '2022-08-16 09:25:34', 1),
(438, '21UGBL002', 'ABHILASH M V', 2, 13, 2, '2022-08-16 09:25:35', 1),
(439, '21UGBC008', 'ASWANTH S', 2, 25, 2, '2022-08-16 09:25:43', 1),
(440, '21UGBC012', 'JITHIN K M', 2, 25, 2, '2022-08-16 09:25:49', 1),
(441, '21UGBC001', 'ADARSH MOHAN MULLEKKAT', 2, 25, 2, '2022-08-16 09:25:55', 1),
(442, '21UGBC030', 'RAHUL U', 2, 25, 2, '2022-08-16 09:25:56', 1),
(443, '21UGBC013', 'KARTHIK J', 2, 25, 2, '2022-08-16 09:25:57', 1),
(444, '21UGBC040', 'VIJOY K', 2, 25, 2, '2022-08-16 09:26:02', 1),
(445, '21UGBC011', 'HRISHIKES S', 2, 25, 2, '2022-08-16 09:26:11', 1),
(446, '21UGBC015', 'LAKSHANA S', 2, 13, 2, '2022-08-16 09:26:22', 1),
(447, '21UGBL004', 'AFRIDI A', 2, 24, 2, '2022-08-16 09:26:24', 1),
(448, '21UGBL044', 'RITHIN M R', 2, 25, 2, '2022-08-16 09:26:29', 1),
(449, '21UGBL022', 'HARITHA H', 2, 24, 2, '2022-08-16 09:26:58', 1),
(450, '21UGBC041', 'VISHNU J', 2, 24, 2, '2022-08-16 09:27:10', 1),
(451, '21UGBC004', 'ANBUSELVAN P', 2, 9, 2, '2022-08-16 09:27:30', 1),
(452, '21UGCA020', 'ANJANA T P', 3, 15, 2, '2022-08-16 09:28:09', 1),
(453, '21UGBL040', 'NANDHANA R', 2, 13, 2, '2022-08-16 09:28:21', 1),
(454, '21UGBL037', 'MUHAMMED FAYAS M', 2, 6, 2, '2022-08-16 09:28:42', 1),
(455, '21UGBL038', 'NAFIL AHAMED D', 2, 26, 2, '2022-08-16 09:28:49', 1),
(456, '21UGBC009', 'S ATHIRA', 2, 24, 2, '2022-08-16 09:28:51', 1),
(457, '21UGBC027', 'NANDANA U', 2, 24, 2, '2022-08-16 09:28:52', 1),
(458, '21UGBL001', 'ABDUL WAHID A', 2, 6, 2, '2022-08-16 09:29:14', 1),
(459, '21UGBC036', 'SANDRA SELVAM', 2, 14, 2, '2022-08-16 09:29:15', 1),
(460, '21UGBC038', 'SONA S', 2, 24, 2, '2022-08-16 09:29:17', 1),
(461, '21UGBL034', 'MOHAMMED NIHAD', 2, 6, 2, '2022-08-16 09:29:22', 1),
(462, '21UGBL033', 'MOHAMMED MUNEERUDHEEN U', 2, 6, 2, '2022-08-16 09:29:28', 1),
(463, '21UGBC024', 'MOHAMMED REMSHAD N M', 2, 22, 2, '2022-08-16 09:30:50', 1),
(464, '21UGBC019', 'MOHAMED SHAHIDH S', 2, 22, 2, '2022-08-16 09:30:50', 1),
(465, '21UGBL035', 'MOHAMMED SUHAIB V K', 2, 10, 2, '2022-08-16 09:30:57', 1),
(466, '21UGBL047', 'SHIRAJUDEEN M', 2, 11, 2, '2022-08-16 09:31:26', 1),
(467, '21UGCP031', 'KRITI VYAS', 13, 12, 2, '2022-08-16 09:32:26', 1),
(468, '21UGBL029', 'MIDHUN SANTHOSH', 2, 24, 2, '2022-08-16 09:32:51', 1),
(469, '21UGCI048', 'VIGNESH BALAN S', 13, 10, 2, '2022-08-16 09:34:28', 1),
(470, '21UGBL015', 'CRESWEL CERVEN MAWDSLEY', 2, 6, 2, '2022-08-16 09:34:51', 1),
(471, '21UGBT010', 'GAYATHRI LAKSHMI P', 1, 14, 2, '2022-08-16 09:38:15', 1),
(472, '21UGCA018', 'AKSHAY PRASAD', 3, 9, 2, '2022-08-16 09:38:48', 1),
(473, '21UGBC029', 'R NIKIL', 2, 24, 2, '2022-08-16 09:40:24', 1),
(474, '21UGBC006', 'ANOOP N M', 2, 24, 2, '2022-08-16 09:43:07', 1),
(475, '21UGBL009', 'ANJHAN KAASHYAP B', 2, 6, 2, '2022-08-16 09:44:57', 1),
(476, '21UGCA044', 'JAIDEEP NEELAKANDAN L G', 3, 1, 2, '2022-08-16 09:45:27', 1),
(477, '21UGBN001', 'ARAVINTH J', 8, 19, 2, '2022-08-16 09:51:03', 1),
(478, '21UGCA043', 'JAHAN P', 3, 15, 2, '2022-08-16 09:57:30', 1),
(479, '21UGCB004', 'DHARSHINI B', 13, 2, 2, '2022-08-16 09:58:07', 1),
(480, '21UGCA086', 'SAGAR K', 3, 2, 2, '2022-08-16 10:01:35', 1),
(481, '21UGCR021', 'MONICKA J', 13, 9, 2, '2022-08-16 10:11:34', 1),
(482, '21UGCA052', 'KARANCHAND A P', 3, 9, 2, '2022-08-16 10:11:55', 1),
(483, '21UGCS036', 'PAUL ONESIMUS A', 4, 14, 2, '2022-08-16 10:15:57', 1),
(484, '21UGBN009', 'SANMUGAPRIYAN M', 8, 26, 2, '2022-08-16 10:17:16', 1),
(485, '21UGCH037', 'SEJAL KUMARI', 16, 16, 2, '2022-08-16 10:17:28', 1),
(486, '21UGBN003', 'ATHISH S', 8, 26, 2, '2022-08-16 10:18:17', 1),
(487, '21UGBN002', 'ARUN C', 8, 4, 2, '2022-08-16 10:19:37', 1),
(492, '21UGBN004', 'HARIHARAN G', 8, 26, 2, '2022-08-16 10:24:11', 1),
(493, '21UGCH039', 'SHIVAM KUMAR', 16, 11, 2, '2022-08-16 10:26:49', 1),
(494, '21UGCB008', 'KEERTHANA C', 13, 2, 2, '2022-08-16 10:27:50', 1),
(495, '21UGCB012', 'SHALINI M', 13, 2, 2, '2022-08-16 10:27:50', 1),
(496, '21UGCB009', 'MADHUMALINI K', 13, 2, 2, '2022-08-16 10:28:04', 1),
(497, '21UGCB010', 'MAHESWARI M', 13, 2, 2, '2022-08-16 10:28:16', 1),
(498, '21UGCB013', 'SOWMIYA S', 13, 2, 2, '2022-08-16 10:29:14', 1),
(499, '21UGCB003', 'DAYAN K A', 13, 2, 2, '2022-08-16 10:29:17', 1),
(500, '21UGCB007', 'HARIKEERTHAN K', 13, 2, 2, '2022-08-16 10:29:27', 1),
(501, '21UGCB001', 'ANANTHU M P', 13, 2, 2, '2022-08-16 10:31:09', 1),
(502, '21UGCB005', 'DRAVIDASELVAN S', 13, 2, 2, '2022-08-16 10:31:16', 1),
(503, '21UGCB002', 'ANJALI A', 13, 2, 2, '2022-08-16 10:31:17', 1),
(504, '21UGCH031', 'RANJANI R', 16, 15, 2, '2022-08-16 10:31:18', 1),
(505, '21UGCA011', 'AKAASH S', 3, 9, 2, '2022-08-16 10:31:46', 1),
(506, '21UGCB014', 'M VISHNU', 13, 2, 2, '2022-08-16 10:33:24', 1),
(507, '21UGCI049', 'VIGNESH R', 13, 10, 2, '2022-08-16 10:37:24', 1),
(508, '21UGBN006', 'KAVIYARASAN K', 8, 26, 2, '2022-08-16 10:44:29', 1),
(509, '21UGBI003', 'ABIJITH S', 2, 12, 2, '2022-08-16 10:50:07', 1),
(510, '21UGBI025', 'MOHAMMED FAWAZ', 2, 1, 2, '2022-08-16 10:50:31', 1),
(511, '21UGBI016', 'HIMANSHU RANJAN', 2, 25, 2, '2022-08-16 10:51:00', 1),
(512, '21UGBI048', 'G VIVEK', 2, 25, 2, '2022-08-16 10:51:01', 1),
(513, '21UGBI047', 'VISHNU C', 2, 25, 2, '2022-08-16 10:51:22', 1),
(514, '21UGVC038', 'SIDHARTH P', 11, 22, 2, '2022-08-16 10:52:22', 1),
(515, '21UGBI033', 'PRAVINKUMAR S', 2, 25, 2, '2022-08-16 10:52:34', 1),
(516, '21UGBI028', 'MURALI DHARAN J', 2, 25, 2, '2022-08-16 10:52:49', 1),
(517, '21UGBI041', 'SHIREEN FATHIMA S', 2, 14, 2, '2022-08-16 10:53:44', 1),
(518, '21UGBI040', 'SARANYA S', 2, 14, 2, '2022-08-16 10:54:07', 1),
(519, '21UGBI021', 'JITHUN RAMESAN', 2, 25, 2, '2022-08-16 10:54:13', 1),
(520, '21UGCS006', 'ASHTRIK U', 4, 6, 2, '2022-08-16 10:55:08', 1),
(521, '21UGBI029', 'NEHA FATHIMA T N', 11, 22, 2, '2022-08-16 10:57:48', 1),
(522, '21UGBI032', 'PRANAV P U', 2, 25, 2, '2022-08-16 10:59:48', 1),
(523, '21UGBI020', 'JITHIN L', 2, 25, 2, '2022-08-16 11:01:24', 1),
(524, '21UGBI035', 'RABAB', 2, 25, 2, '2022-08-16 11:01:35', 1),
(525, '21UGBI023', 'LEO NEBOO', 2, 25, 2, '2022-08-16 11:02:01', 1),
(526, '21UGBI019', 'JINSHAD J', 2, 25, 2, '2022-08-16 11:02:17', 1),
(527, '21UGBI039', 'RUDHRA P', 2, 14, 2, '2022-08-16 11:02:43', 1),
(528, '21UGBI038', 'ROSHINI K M', 2, 14, 2, '2022-08-16 11:02:43', 1),
(529, '21UGVC001', 'ABIN A THANKACHAN', 11, 6, 2, '2022-08-16 11:04:45', 1),
(530, '21UGCH025', 'NIBU K V', 16, 15, 2, '2022-08-16 11:07:08', 1),
(531, '21UGVC011', 'AYUSH N', 11, 26, 2, '2022-08-16 11:08:44', 1),
(532, '21UGBL049', 'SOORAJ P S', 2, 24, 2, '2022-08-16 11:09:37', 1),
(533, '21UGBI026', 'MUHAMMED IRSHAD H', 2, 1, 2, '2022-08-16 11:10:10', 1),
(534, '21UGCH005', 'ALMESH P J', 16, 15, 2, '2022-08-16 11:10:14', 1),
(535, '21UGBI030', 'NIRBHA S N', 2, 22, 2, '2022-08-16 11:11:28', 1),
(536, '21UGBI014', 'FIYA TESS JOHN', 2, 22, 2, '2022-08-16 11:12:01', 1),
(537, '21UGBI004', 'AFRIN J', 2, 22, 2, '2022-08-16 11:12:01', 1),
(538, '21UGIT015', 'KEERTHANA S', 5, 17, 2, '2022-08-16 11:13:09', 1),
(539, '21UGBI009', 'DARSHANA DAS', 2, 22, 2, '2022-08-16 11:14:11', 1),
(540, '21UGIT021', 'NAVYA K', 5, 17, 2, '2022-08-16 11:14:27', 1),
(541, '21UGIT027', 'SABANA HASMI A', 5, 17, 2, '2022-08-16 11:15:24', 1),
(542, '21UGIT035', 'SUBHASHINI M', 5, 17, 2, '2022-08-16 11:15:55', 1),
(543, '21UGBI013', 'FATHIMA NASVIN', 2, 22, 2, '2022-08-16 11:17:36', 1),
(544, '21UGMB014', 'MOHAMMED FAZIL A', 9, 1, 2, '2022-08-16 11:18:22', 1),
(545, '21UGMB007', 'DILIPKUMAR V', 9, 1, 2, '2022-08-16 11:18:58', 1),
(546, '21UGMB015', 'NAVYA S', 9, 1, 2, '2022-08-16 11:19:43', 1),
(547, '21UGMB004', 'ASWATHI P MENON', 9, 1, 2, '2022-08-16 11:19:43', 1),
(548, '21UGMB013', 'MEKHA MANU', 9, 1, 2, '2022-08-16 11:19:45', 1),
(549, '21UGMB008', 'DINESH S', 9, 2, 2, '2022-08-16 11:19:48', 1),
(550, '21UGMB021', 'SOWBARNIKA S', 9, 2, 2, '2022-08-16 11:19:55', 1),
(551, '21UGMB023', 'SUWEKA R', 9, 2, 2, '2022-08-16 11:19:56', 1),
(552, '21UGMB012', 'KAVIYA K', 9, 1, 2, '2022-08-16 11:19:57', 1),
(553, '21UGMB006', 'DANIEL RAJ V', 9, 1, 2, '2022-08-16 11:20:02', 1),
(554, '21UGCA098', 'SIJU S', 3, 4, 2, '2022-08-16 11:20:07', 1),
(555, '21UGCA069', 'J MOHAMMED ANFAS', 3, 4, 2, '2022-08-16 11:20:46', 1),
(556, '21UGBI008', 'BHOOPATHI R', 2, 27, 2, '2022-08-16 11:21:06', 1),
(557, '21UGBI051', 'YOGARAJ R', 2, 27, 2, '2022-08-16 11:21:07', 1),
(558, '21UGMB022', 'SUDHAKAR R', 9, 1, 2, '2022-08-16 11:21:23', 1),
(559, '21UGMB017', 'NITHYA P', 9, 1, 2, '2022-08-16 11:22:13', 1),
(560, '21UGFS003', 'BISMIYA S', 10, 26, 2, '2022-08-16 11:22:23', 1),
(561, '21UGCA072', 'MUHAMMED SHAN H', 3, 9, 2, '2022-08-16 11:22:29', 1),
(562, '21UGMB024', 'VARSHA V P', 9, 1, 2, '2022-08-16 11:22:48', 1),
(563, '21UGMB001', 'AJIN VARGHESE', 9, 1, 2, '2022-08-16 11:22:49', 1),
(564, '21UGMB003', 'ANISHA A', 9, 1, 2, '2022-08-16 11:22:51', 1),
(565, '21UGMB016', 'NISHANA M', 9, 1, 2, '2022-08-16 11:22:55', 1),
(566, '21UGMB018', 'RANJITHA R', 9, 1, 2, '2022-08-16 11:23:06', 1),
(567, '21UGBI024', 'LOGESH R', 2, 27, 2, '2022-08-16 11:23:22', 1),
(568, '21UGCA087', 'SAI KIRAN S', 3, 4, 2, '2022-08-16 11:24:24', 1),
(569, '21UGMB005', 'BINI MOL BINOY', 9, 1, 2, '2022-08-16 11:24:31', 1),
(570, '21UGFS004', 'GAGAN KRISHNA', 10, 15, 2, '2022-08-16 11:26:02', 1),
(571, '21UGFS002', 'ARDRA R', 10, 15, 2, '2022-08-16 11:26:02', 1),
(572, '21UGFS001', 'U ADHIKSHA', 10, 15, 2, '2022-08-16 11:26:03', 1),
(573, '21UGFS006', 'LOGASREE D', 10, 15, 2, '2022-08-16 11:26:03', 1),
(574, '21UGBI044', 'SUTHIR S', 2, 27, 2, '2022-08-16 11:26:17', 1),
(575, '21UGMB009', 'HARSSHA B S', 9, 1, 2, '2022-08-16 11:26:21', 1),
(576, '21UGMB010', 'JEEVA JOTHI S', 9, 1, 2, '2022-08-16 11:26:26', 1),
(577, '21UGMB020', 'SHOBIKA P', 9, 16, 2, '2022-08-16 11:26:58', 1),
(578, '21UGCP019', 'DINESHKUMAR S', 13, 17, 2, '2022-08-16 11:29:29', 1),
(579, '21UGFS009', 'SAVITHA S', 10, 15, 2, '2022-08-16 11:29:48', 1),
(580, '21UGBI012', 'DINESH KANNA B', 2, 27, 2, '2022-08-16 11:29:53', 1),
(581, '21UGBC025', 'MUHAMMED FIROZ N B', 2, 22, 2, '2022-08-16 11:30:01', 1),
(582, '21UGCA054', 'KISHOREKUMAR K', 3, 10, 2, '2022-08-16 11:31:04', 1),
(583, '21UGCA115', 'VIJAY M', 3, 10, 2, '2022-08-16 11:31:13', 1),
(584, '21UGCA088', 'SAKTHIKUMAR T', 3, 10, 2, '2022-08-16 11:31:19', 1),
(585, '21UGFS005', 'JERRY GODWIN T', 10, 15, 2, '2022-08-16 11:31:25', 1),
(586, '21UGBL053', 'VAISHNAVI S', 2, 6, 2, '2022-08-16 11:32:29', 1),
(587, '21UGBC043', 'VISHWAGURU V R', 2, 24, 2, '2022-08-16 11:32:36', 1),
(588, '21UGCH012', 'ELDHOSE SHANTU', 16, 15, 2, '2022-08-16 11:33:06', 1),
(589, '21UGFS008', 'SAHAYA JESIHA S', 10, 15, 2, '2022-08-16 11:34:42', 1),
(590, '21UGCH036', 'SANJAY D', 16, 15, 2, '2022-08-16 11:35:59', 1),
(591, '21UGBI011', 'DHANUSH S', 2, 1, 2, '2022-08-16 11:37:25', 1),
(592, '21UGCA108', 'THAHAYASIN A', 4, 24, 2, '2022-08-16 11:43:57', 1),
(593, '21UGDT016', 'SIVANESAN S', 4, 17, 2, '2022-08-16 11:52:01', 1),
(594, '21UGBT014', 'I KALAIYARASAN', 1, 4, 2, '2022-08-16 12:01:24', 1),
(595, '21UGBI034', 'PUNITHA NAAYAKI M', 2, 15, 2, '2022-08-16 12:04:36', 1),
(596, '21UGCB006', 'GURUPRASAD C B', 13, 2, 2, '2022-08-16 12:15:27', 1),
(597, '21UGCH020', 'KUNDAN KUMAR', 16, 26, 2, '2022-08-16 12:15:29', 1),
(598, '21UGVC019', 'JOHN DAVID I', 11, 6, 2, '2022-08-16 12:19:23', 1),
(599, '21UGBC037', 'SHAHROJ ALAM', 2, 25, 2, '2022-08-16 12:20:05', 1),
(600, '21UGBI017', 'ISHA VEDANSHI', 2, 22, 2, '2022-08-16 12:20:26', 1),
(601, '21UGCR012', 'INDHU LEGHA A', 13, 9, 2, '2022-08-17 06:12:30', 1),
(602, '21UGBN010', 'NAIR SREEJITH MOHANKUMAR', 8, 17, 2, '2022-08-17 06:12:56', 1),
(603, '21UGBN008', 'RUDRESH P', 8, 17, 2, '2022-08-17 06:14:56', 1),
(604, '21UGBN012', 'SUHAIBUDEEN S', 8, 17, 2, '2022-08-17 06:15:33', 1),
(605, '21UGCH009', 'ASWATH N', 16, 11, 2, '2022-08-17 06:16:27', 1),
(606, '21UGCR018', 'MAHALAKSHMI J', 13, 2, 2, '2022-08-17 06:16:41', 1),
(607, '21UGCR029', 'SREEDEVI S', 13, 22, 2, '2022-08-17 06:17:21', 1),
(608, '21UGCR007', 'GAYATHRI G', 13, 12, 2, '2022-08-17 06:17:38', 1),
(609, '21UGCR009', 'GURUSANGAVI S K', 13, 12, 2, '2022-08-17 06:17:38', 1),
(610, '21UGCR004', 'DHAYANITHIMARAN T', 13, 4, 2, '2022-08-17 06:17:42', 1),
(611, '21UGCR011', 'IHZAS SUHAIR M S', 13, 4, 2, '2022-08-17 06:17:52', 1),
(612, '21UGCR013', 'JASMINE J', 13, 12, 2, '2022-08-17 06:17:54', 1),
(613, '21UGCR005', 'FARHAN F', 13, 4, 2, '2022-08-17 06:17:59', 1),
(614, '21UGCR031', 'VENIS RAJA M', 13, 4, 2, '2022-08-17 06:18:00', 1),
(615, '21UGCR002', 'ASHLIN KIJO C', 13, 4, 2, '2022-08-17 06:18:06', 1),
(616, '21UGCR016', 'KARPAGA PRIYA S', 13, 12, 2, '2022-08-17 06:18:11', 1),
(617, '21UGCR010', 'HARIRAM M', 13, 4, 2, '2022-08-17 06:18:12', 1),
(618, '21UGCR019', 'MALAVIKA S', 13, 12, 2, '2022-08-17 06:28:28', 1),
(619, '21UGCR032', 'VISHWAMITRA KUMAR SHARMA', 13, 10, 2, '2022-08-17 06:29:31', 1),
(620, '21UGCR008', 'GOWTHAM E', 13, 10, 2, '2022-08-17 06:29:31', 1),
(621, '21UGCR003', 'AYYAPPAN P', 13, 10, 2, '2022-08-17 06:30:04', 1),
(622, '21UGCR027', 'SANTHANA BHARATHI V', 13, 10, 2, '2022-08-17 06:30:16', 1),
(623, '21UGCR028', 'SENTHILRAMANAN B', 13, 10, 2, '2022-08-17 06:30:23', 1),
(624, '21UGCR025', 'PRASATH M', 13, 22, 2, '2022-08-17 06:30:36', 1),
(625, '21UGCR024', 'PAVITHRAN R', 13, 4, 2, '2022-08-17 06:35:50', 1),
(626, '21UGCR015', 'JOHN ABHISHEK S', 13, 22, 2, '2022-08-17 06:36:25', 1),
(627, '21UGBI018', 'JENIN SAJAN', 2, 25, 2, '2022-08-17 06:43:49', 1),
(628, '21UGBL050', 'STIBIN SKINU K', 2, 24, 2, '2022-08-17 06:52:16', 1),
(629, '21UGDT014', 'SENTHILPANDI PL', 4, 17, 2, '2022-08-17 06:52:23', 1),
(630, '21UGVC036', 'SANJAY S', 11, 6, 2, '2022-08-17 06:54:55', 1),
(631, '21UGVC015', 'FATHIMA LIYANA', 11, 16, 2, '2022-08-17 06:56:21', 1),
(632, '21UGVC018', 'HIBA SHERIN', 11, 16, 2, '2022-08-17 06:56:23', 1),
(633, '21UGCR006', 'GAURAV THARA DAS G', 13, 22, 2, '2022-08-17 06:57:39', 1),
(634, '21UGVC035', 'SANJAYDEEPAK K', 11, 6, 2, '2022-08-17 07:00:15', 1),
(635, '21UGVC039', 'SIVABALAN V', 11, 6, 2, '2022-08-17 07:00:22', 1),
(636, '21UGCR014', 'JOEL ROBERT T', 13, 4, 2, '2022-08-17 07:01:08', 1),
(637, '21UGVC013', 'DHANAVARDHANAN R', 11, 6, 2, '2022-08-17 07:07:06', 1),
(638, '21UGBL036', 'MUHAMED RAFI Z', 2, 9, 2, '2022-08-17 07:07:28', 1),
(639, '21UGBL018', 'GOKUL KRISHNA G', 2, 9, 2, '2022-08-17 07:07:49', 1),
(640, '21UGCH003', 'ADITHYAN U', 16, 15, 2, '2022-08-17 07:10:27', 1),
(641, '21UGCH026', 'NITHULDAS K', 16, 15, 2, '2022-08-17 07:12:15', 1),
(642, '21UGMB019', 'SHIVANI S', 9, 22, 2, '2022-08-17 07:15:42', 1),
(643, '21UGBL032', 'MOHAMED ASHIF A', 2, 17, 2, '2022-08-17 07:17:02', 1),
(644, '21UGBL045', 'RIZWAAN I', 2, 26, 2, '2022-08-17 07:21:44', 1),
(645, '21UGBI042', 'SHIYAS Y', 2, 25, 2, '2022-08-17 07:22:19', 1),
(646, '21UGBL020', 'GOPIKA G', 2, 6, 2, '2022-08-17 07:22:42', 1),
(647, '21UGBL024', 'HYSHAM HAMEED S', 2, 9, 2, '2022-08-17 07:23:20', 1),
(648, '21UGBI027', 'MUHAMMED SAFVAN', 2, 10, 2, '2022-08-17 07:24:20', 1),
(649, '21UGBI015', 'GOPALAKRISHNAN M', 2, 25, 2, '2022-08-17 07:26:23', 1),
(650, '21UGBI037', 'RENJITH C R', 2, 10, 2, '2022-08-17 07:30:45', 1),
(651, '21UGBL016', 'DHANUSH PANDIAN K', 2, 27, 2, '2022-08-17 07:32:16', 1),
(652, '21UGBL052', 'SUTHEESH D', 2, 17, 2, '2022-08-17 07:33:46', 1),
(653, '21UGBI046', 'G VARSHA', 2, 22, 2, '2022-08-17 07:44:38', 1),
(654, '21UGBI049', 'VIVEKANAND GIRI', 2, 24, 2, '2022-08-17 08:27:59', 1),
(655, '21UGBI053', 'SUJEET KUMAR', 2, 24, 2, '2022-08-17 08:43:59', 1),
(656, '21UGBI052', 'RANVEER SAH', 2, 24, 2, '2022-08-17 08:46:59', 1),
(657, '21UGFS007', 'MOHAMED NOUSATH A', 10, 4, 2, '2022-08-18 06:17:25', 1),
(658, '21UGCA024', 'ARJUN R', 3, 4, 2, '2022-08-18 08:59:44', 1),
(659, '21UGVC010', 'ASWINI R', 11, 10, 2, '2022-08-18 09:22:49', 1),
(660, '21UGCA035', 'DEEPAK M', 3, 4, 2, '2022-08-18 09:33:18', 1);

-- --------------------------------------------------------

--
-- Table structure for table `stu_details`
--

CREATE TABLE `stu_details` (
  `id` int(11) NOT NULL,
  `register_no` varchar(50) NOT NULL,
  `name` varchar(255) NOT NULL,
  `dob` date DEFAULT NULL
) ENGINE=InnoDB DEFAULT CHARSET=utf8mb4;

--
-- Dumping data for table `stu_details`
--

INSERT INTO `stu_details` (`id`, `register_no`, `name`, `dob`) VALUES
(1, '21UGAM001', 'AFSAL T S', '2002-08-23'),
(2, '21UGAM002', 'S AKSHAY', '2003-04-13'),
(3, '21UGAM003', 'ASWIN C', '2004-01-04'),
(4, '21UGAM004', 'JENOFER S', '2003-04-24'),
(5, '21UGAM005', 'MK JOSHUA', '2004-02-26'),
(6, '21UGAM006', 'MOHAN B', '2004-07-21'),
(7, '21UGAM007', 'SONU KUMAR', '1999-03-05'),
(8, '21UGAM008', 'SREYAS KUMAR K', '2003-07-11'),
(9, '21UGAM009', 'VISHNUJITH V', '2001-04-14'),
(10, '21UGBC001', 'ADARSH MOHAN MULLEKKAT', '2003-05-08'),
(11, '21UGBC002', 'AKSHAYA A', '2003-05-18'),
(12, '21UGBC003', 'ALTHAF U', '2003-01-17'),
(13, '21UGBC004', 'ANBUSELVAN P', '2003-06-05'),
(14, '21UGBC005', 'ANEES AHAMED M H', '2003-09-26'),
(15, '21UGBC006', 'ANOOP N M', '2001-09-28'),
(16, '21UGBC007', 'ANSAR A', '2003-06-17'),
(17, '21UGBC008', 'ASWANTH S', '2002-09-27'),
(18, '21UGBC009', 'S ATHIRA', '2003-02-13'),
(19, '21UGBC011', 'HRISHIKES S', '2003-08-03'),
(20, '21UGBC012', 'JITHIN K M', '2003-05-08'),
(21, '21UGBC013', 'KARTHIK J', '2003-10-15'),
(22, '21UGBC014', 'KISHORE T', '2004-01-13'),
(23, '21UGBC015', 'LAKSHANA S', '2004-01-02'),
(24, '21UGBC017', 'MD ABID', '2002-03-02'),
(25, '21UGBC018', 'MD RABBANI', '2003-01-01'),
(26, '21UGBC019', 'MOHAMED SHAHIDH S', '2004-03-20'),
(27, '21UGBC020', 'MOHAMED AFSAL A', '2002-03-14'),
(28, '21UGBC021', 'MOHAMMED BASHITH A', '2003-10-29'),
(29, '21UGBC022', 'S MOHAMED ISHAK', '2003-12-29'),
(30, '21UGBC023', 'MOHAMMED NIHAL M', '2003-09-24'),
(31, '21UGBC024', 'MOHAMMED REMSHAD N M', '2002-11-08'),
(32, '21UGBC025', 'MUHAMMED FIROZ N B', '2003-11-06'),
(33, '21UGBC026', 'MUNNA KUMAR', '2003-01-01'),
(34, '21UGBC027', 'NANDANA U', '2003-06-25'),
(35, '21UGBC028', 'NARAYAN KUMAR', '2002-07-30'),
(36, '21UGBC029', 'R NIKIL', '2002-07-07'),
(37, '21UGBC030', 'RAHUL U', '2002-09-09'),
(38, '21UGBC031', 'RASHEED H', '2002-09-22'),
(39, '21UGBC033', 'ROHETH S', '2003-10-25'),
(40, '21UGBC034', 'SAIYAD FARGANUDEEN S', '2003-03-13'),
(41, '21UGBC036', 'SANDRA SELVAM', '2003-10-05'),
(42, '21UGBC037', 'SHAHROJ ALAM', '2003-03-13'),
(43, '21UGBC038', 'SONA S', '2000-01-29'),
(44, '21UGBC039', 'THARIK A', '2003-01-28'),
(45, '21UGBC040', 'VIJOY K', '2003-06-10'),
(46, '21UGBC041', 'VISHNU J', '2003-12-08'),
(47, '21UGBC042', 'VISHNU N', '2002-09-27'),
(48, '21UGBC043', 'VISHWAGURU V R', '2004-01-06'),
(49, '21UGBI001', 'ABBAS MANDHIRI S', '2003-06-23'),
(50, '21UGBI002', 'ABHAY S', '2003-10-07'),
(51, '21UGBI003', 'ABIJITH S', '2003-06-20'),
(52, '21UGBI004', 'AFRIN J', '2002-11-10'),
(53, '21UGBI005', 'AJAY KUMAR', '2003-02-20'),
(54, '21UGBI006', 'ANAND M', '2004-03-08'),
(55, '21UGBI008', 'BHOOPATHI R', '2003-01-30'),
(56, '21UGBI009', 'DARSHANA DAS', '2002-07-22'),
(57, '21UGBI011', 'DHANUSH S', '2004-05-09'),
(58, '21UGBI012', 'DINESH KANNA B', '2004-05-28'),
(59, '21UGBI013', 'FATHIMA NASVIN', '2001-12-03'),
(60, '21UGBI014', 'FIYA TESS JOHN', '2003-01-13'),
(61, '21UGBI015', 'GOPALAKRISHNAN M', '2003-07-01'),
(62, '21UGBI016', 'HIMANSHU RANJAN', '2003-03-22'),
(63, '21UGBI017', 'ISHA VEDANSHI', '2001-09-01'),
(64, '21UGBI018', 'JENIN SAJAN', '2003-04-01'),
(65, '21UGBI019', 'JINSHAD J', '2002-11-19'),
(66, '21UGBI020', 'JITHIN L', '2001-07-31'),
(67, '21UGBI021', 'JITHUN RAMESAN', '2003-12-30'),
(68, '21UGBI023', 'LEO NEBOO', '2001-04-10'),
(69, '21UGBI024', 'LOGESH R', '2003-05-21'),
(70, '21UGBI025', 'MOHAMMED FAWAZ', '2002-03-05'),
(71, '21UGBI026', 'MUHAMMED IRSHAD H', '2003-01-30'),
(72, '21UGBI027', 'MUHAMMED SAFVAN', '2002-05-04'),
(73, '21UGBI028', 'MURALI DHARAN J', '2002-10-30'),
(74, '21UGBI029', 'NEHA FATHIMA T N', '2002-03-20'),
(75, '21UGBI030', 'NIRBHA S N', '2003-01-26'),
(76, '21UGBI031', 'NITISH KUMAR', '2001-03-25'),
(77, '21UGBI032', 'PRANAV P U', '2001-03-28'),
(78, '21UGBI033', 'PRAVINKUMAR S', '2004-05-09'),
(79, '21UGBI034', 'PUNITHA NAAYAKI M', '2003-12-18'),
(80, '21UGBI035', 'RABAB', '2002-01-07'),
(81, '21UGBI037', 'RENJITH C R', '2003-09-17'),
(82, '21UGBI038', 'ROSHINI K M', '2003-05-23'),
(83, '21UGBI039', 'RUDHRA P', '2003-08-31'),
(84, '21UGBI040', 'SARANYA S', '2004-03-01'),
(85, '21UGBI041', 'SHIREEN FATHIMA S', '2003-11-07'),
(86, '21UGBI042', 'SHIYAS Y', '2002-01-19'),
(87, '21UGBI043', 'SURIYA PRAKASH N', '2003-06-24'),
(88, '21UGBI044', 'SUTHIR S', '2004-08-02'),
(89, '21UGBI046', 'G VARSHA', '2003-05-25'),
(90, '21UGBI047', 'VISHNU C', '2004-01-19'),
(91, '21UGBI048', 'G VIVEK', '2003-09-19'),
(92, '21UGBI049', 'VIVEKANAND GIRI', '2003-03-02'),
(93, '21UGBI050', 'VYSAGH SREENIVAS', '2003-04-18'),
(94, '21UGBI051', 'YOGARAJ R', '2004-01-01'),
(95, '21UGBI052', 'RANVEER SAH', '2000-12-29'),
(96, '21UGBI053', 'SUJEET KUMAR', '2004-10-10'),
(97, '21UGBL001', 'ABDUL WAHID A', '2003-07-11'),
(98, '21UGBL002', 'ABHILASH M V', '2002-06-27'),
(99, '21UGBL003', 'AFREEDH AHAMED S', '2003-09-07'),
(100, '21UGBL004', 'AFRIDI A', '2004-01-20'),
(101, '21UGBL005', 'AISWARYA A', '2002-12-14'),
(102, '21UGBL006', 'AJAY KRISHNA S', '2003-03-19'),
(103, '21UGBL007', 'AKASH KRISHNA M', '2003-11-01'),
(104, '21UGBL008', 'AKASH KRISHNA P', '2003-02-07'),
(105, '21UGBL009', 'ANJHAN KAASHYAP B', '2004-05-12'),
(106, '21UGBL010', 'ASHISH P SAJAN', '2003-05-09'),
(107, '21UGBL011', 'ASWAJITH R', '2002-07-22'),
(108, '21UGBL012', 'ASWIN S', '2003-11-04'),
(109, '21UGBL014', 'BETHAPUDI SREE REVANTH CHOUDHARY', '2003-02-06'),
(110, '21UGBL015', 'CRESWEL CERVEN MAWDSLEY', '2001-09-06'),
(111, '21UGBL016', 'DHANUSH PANDIAN K', '2003-07-18'),
(112, '21UGBL017', 'FIROS B', '2003-01-26'),
(113, '21UGBL018', 'GOKUL KRISHNA G', '2002-02-03'),
(114, '21UGBL019', 'GOKUL PRAKASH', '2002-06-26'),
(115, '21UGBL020', 'GOPIKA G', '2002-10-14'),
(116, '21UGBL021', 'HARIHARAN S', '2003-10-18'),
(117, '21UGBL022', 'HARITHA H', '2003-03-21'),
(118, '21UGBL023', 'HAROON YOUSAF M M', '2003-01-06'),
(119, '21UGBL024', 'HYSHAM HAMEED S', '2002-04-15'),
(120, '21UGBL025', 'IRFAN S', '2002-10-20'),
(121, '21UGBL026', 'JAINULLABDEEN A', '2000-09-21'),
(122, '21UGBL027', 'JASEEL T J', '2003-02-07'),
(123, '21UGBL028', 'KARAN KAMAL', '2001-09-07'),
(124, '21UGBL029', 'MIDHUN SANTHOSH', '2003-01-04'),
(125, '21UGBL030', 'MOHAMED THOUFIK M', '2003-10-26'),
(126, '21UGBL031', 'MOHAMMAD RIZWAN M A', '2003-10-19'),
(127, '21UGBL032', 'MOHAMED ASHIF A', '2003-03-14'),
(128, '21UGBL033', 'MOHAMMED MUNEERUDHEEN U', '2002-12-30'),
(129, '21UGBL034', 'MOHAMMED NIHAD', '2001-11-10'),
(130, '21UGBL035', 'MOHAMMED SUHAIB V K', '2002-09-16'),
(131, '21UGBL036', 'MUHAMED RAFI Z', '2002-11-10'),
(132, '21UGBL037', 'MUHAMMED FAYAS M', '2003-08-30'),
(133, '21UGBL038', 'NAFIL AHAMED D', '2004-02-09'),
(134, '21UGBL039', 'NAIM MEERA HUSSAIN A', '2003-04-09'),
(135, '21UGBL040', 'NANDHANA R', '2003-09-12'),
(136, '21UGBL041', 'NASIH IBNU SALEEM', '2002-05-15'),
(137, '21UGBL042', 'RAHUL C M', '2002-10-30'),
(138, '21UGBL043', 'RAHUL M', '2002-07-16'),
(139, '21UGBL044', 'RITHIN M R', '2003-05-20'),
(140, '21UGBL045', 'RIZWAAN I', '2002-06-04'),
(141, '21UGBL046', 'SHEIKABDULLAH A', '2003-12-01'),
(142, '21UGBL047', 'SHIRAJUDEEN M', '2002-10-19'),
(143, '21UGBL048', 'V SIBI ANAND', '2002-12-30'),
(144, '21UGBL049', 'SOORAJ P S', '2004-07-05'),
(145, '21UGBL050', 'STIBIN SKINU K', '2004-02-13'),
(146, '21UGBL051', 'SURIYA M', '2004-07-10'),
(147, '21UGBL052', 'SUTHEESH D', '2001-02-03'),
(148, '21UGBL053', 'VAISHNAVI S', '2003-12-08'),
(149, '21UGBN001', 'ARAVINTH J', '2003-08-22'),
(150, '21UGBN002', 'ARUN C', '2004-01-06'),
(151, '21UGBN003', 'ATHISH S', '2003-08-25'),
(152, '21UGBN004', 'HARIHARAN G', '2003-11-18'),
(153, '21UGBN005', 'KARTHIKEYAN P', '2004-07-04'),
(154, '21UGBN006', 'KAVIYARASAN K', '2003-05-15'),
(155, '21UGBN007', 'NIVEDHA R', '2003-09-30'),
(156, '21UGBN008', 'RUDRESH P', '2002-08-14'),
(157, '21UGBN009', 'SANMUGAPRIYAN M', '2004-07-05'),
(158, '21UGBN010', 'NAIR SREEJITH MOHANKUMAR', '1999-03-18'),
(159, '21UGBN011', 'SREYA NARAYANAN', '2003-06-23'),
(160, '21UGBN012', 'SUHAIBUDEEN S', '2002-06-30'),
(161, '21UGBT001', 'ANANYA S', '2002-01-13'),
(162, '21UGBT002', 'ANNAMALAI AN', '2004-07-29'),
(163, '21UGBT004', 'ARULJITH K AJITH', '2003-06-17'),
(164, '21UGBT005', 'ARYA R', '2003-01-20'),
(165, '21UGBT006', 'DEEPANJALI S', '2004-06-10'),
(166, '21UGBT007', 'DEVIKA V', '2003-05-17'),
(167, '21UGBT008', 'FATHIMA FERZINA', '2002-04-25'),
(168, '21UGBT010', 'GAYATHRI LAKSHMI P', '2004-02-19'),
(169, '21UGBT011', 'MD GULFAM', '2003-07-19'),
(170, '21UGBT012', 'HASNA FATHIMA H', '2002-09-30'),
(171, '21UGBT013', 'JENNIFER MARIYA P', '2003-11-29'),
(172, '21UGBT014', 'I KALAIYARASAN', '2002-07-26'),
(173, '21UGBT015', 'KAMALRAJ R', '2003-10-19'),
(174, '21UGBT016', 'KANHAIYA KUMAR', '2002-05-04'),
(175, '21UGBT017', 'KARTHIKA KULAPPULLY', '2004-01-30'),
(176, '21UGBT018', 'KRISHNENDHU K NAIR', '2001-08-18'),
(177, '21UGBT019', 'NITHEESHWARAN G', '2002-06-15'),
(178, '21UGBT023', 'SHAMITHA J', '2004-06-02'),
(179, '21UGBT024', 'SHIKHA P K', '2003-04-11'),
(180, '21UGBT025', 'SIYAMALA DEVI A', '2003-01-10'),
(181, '21UGBT026', 'SREEVARSHINI S', '2004-02-26'),
(182, '21UGBT027', 'SUMAYYA S', '2002-11-30'),
(183, '21UGBT028', 'THRISHA G', '2003-11-30'),
(184, '21UGBT029', 'G UMAMAGESHWARI', '2004-03-25'),
(185, '21UGBT030', 'WILLIAM J', '2003-08-10'),
(186, '21UGBT031', 'YASMEEN PARWEEN', '2004-01-01'),
(187, '21UGCA001', 'AARYA S', '2003-08-21'),
(188, '21UGCA002', 'ABDUL KATHAR UVAIS S', '2004-05-15'),
(189, '21UGCA003', 'ABHAY P ANIL', '2003-04-26'),
(190, '21UGCA004', 'ABHIJITH A', '2003-06-06'),
(191, '21UGCA005', 'ABHIJITH T S', '2004-01-06'),
(192, '21UGCA006', 'ABHISHEK KUMAR RAUT', '2003-01-01'),
(193, '21UGCA007', 'ADWAITH P G', '2003-02-04'),
(194, '21UGCA008', 'AFSAL RAHMAN A', '2003-09-17'),
(195, '21UGCA009', 'AFSHANA S', '2003-02-08'),
(196, '21UGCA010', 'AJAL C', '2003-08-05'),
(197, '21UGCA011', 'AKAASH S', '2003-04-16'),
(198, '21UGCA012', 'AKASH CHOUDHARY', '2003-12-06'),
(199, '21UGCA013', 'AKASH M', '2003-07-05'),
(200, '21UGCA014', 'AKASH S', '2003-10-07'),
(201, '21UGCA015', 'AKASH V', '2003-11-30'),
(202, '21UGCA016', 'AKHIL M', '2003-12-05'),
(203, '21UGCA017', 'AKSHAY KRISHNA C', '2001-03-27'),
(204, '21UGCA018', 'AKSHAY PRASAD', '2003-08-05'),
(205, '21UGCA019', 'ALTHAF AHAMMED J', '2002-11-21'),
(206, '21UGCA020', 'ANJANA T P', '2003-12-29'),
(207, '21UGCA021', 'APARNA P U', '2002-02-04'),
(208, '21UGCA022', 'ARAVIND P', '2003-05-19'),
(209, '21UGCA023', 'ARJUN K J', '2003-06-08'),
(210, '21UGCA024', 'ARJUN R', '2003-03-19'),
(211, '21UGCA025', 'ARUNA G', '2003-02-12'),
(212, '21UGCA026', 'ARYA M U', '2003-10-21'),
(213, '21UGCA027', 'ASAJ S', '2003-04-18'),
(214, '21UGCA029', 'ASWIN E K', '2003-05-29'),
(215, '21UGCA030', 'ASWIN M', '2003-08-18'),
(216, '21UGCA031', 'ATHUL KRISHNA J', '2003-04-10'),
(217, '21UGCA032', 'ATHUL P', '2003-09-17'),
(218, '21UGCA033', 'BENITTO BENSON', '2002-12-26'),
(219, '21UGCA034', 'DARSHAN S', '2003-06-05'),
(220, '21UGCA035', 'DEEPAK M', '2003-09-24'),
(221, '21UGCA036', 'DHAKSHESH B', '2003-07-13'),
(222, '21UGCA037', 'GAUTAM V', '2003-05-26'),
(223, '21UGCA038', 'GAYATHRI M', '2003-07-24'),
(224, '21UGCA039', 'GOUTHAM J KRIZHNA', '2002-03-16'),
(225, '21UGCA040', 'GOWTHAM V', '2005-02-21'),
(226, '21UGCA041', 'HARIHARAN M', '2004-01-08'),
(227, '21UGCA042', 'HARSHID AHAMMED I', '2003-09-06'),
(228, '21UGCA043', 'JAHAN P', '2002-01-13'),
(229, '21UGCA044', 'JAIDEEP NEELAKANDAN L G', '2003-06-17'),
(230, '21UGCA045', 'JISHNU M', '2004-02-13'),
(231, '21UGCA046', 'JOEL JACOB DANIEL', '2003-06-22'),
(232, '21UGCA048', 'E A JOSEPH JESURAJ', '2003-05-30'),
(233, '21UGCA049', 'JOY NICKLE ANTONY J', '2004-01-14'),
(234, '21UGCA050', 'KAISHAV DAS V S', '2003-06-19'),
(235, '21UGCA051', 'KALAIVENI V', '2003-06-28'),
(236, '21UGCA052', 'KARANCHAND A P', '2002-04-16'),
(237, '21UGCA053', 'KAVIYA S', '2003-05-22'),
(238, '21UGCA054', 'KISHOREKUMAR K', '2003-03-05'),
(239, '21UGCA055', 'KRISHNA KRIPA R', '2004-06-25'),
(240, '21UGCA056', 'KRISHNA SANKAR E', '2003-10-18'),
(241, '21UGCA057', 'KRISHNADATHAN C', '2003-02-02'),
(242, '21UGCA058', 'LAVANYA M', '2003-10-08'),
(243, '21UGCA059', 'MADHAV KRISHNA P B', '2003-06-25'),
(244, '21UGCA060', 'MAHADEVI M', '2004-01-12'),
(245, '21UGCA062', 'MANISH KUMAR (03-02-2002)', '2002-02-03'),
(246, '21UGCA063', 'MANISH KUMAR (01-01-2003)', '2003-01-01'),
(247, '21UGCA064', 'MANJIT KUMAR', '2002-01-05'),
(248, '21UGCA065', 'MARK BENNO', '2003-01-29'),
(249, '21UGCA066', 'MAYANK VYAS', '2000-09-11'),
(250, '21UGCA067', 'MEGHA M', '2003-11-29'),
(251, '21UGCA068', 'MITHRA V', '2003-10-05'),
(252, '21UGCA069', 'J MOHAMMED ANFAS', '2003-05-14'),
(253, '21UGCA071', 'MOHAMMED SANSHA M', '2003-12-27'),
(254, '21UGCA072', 'MUHAMMED SHAN H', '2002-12-12'),
(255, '21UGCA073', 'NANDANA M', '2003-07-01'),
(256, '21UGCA075', 'PARTHASARATHI M', '2004-02-16'),
(257, '21UGCA076', 'PAVITHRA K', '2003-05-01'),
(258, '21UGCA077', 'POOJALAKSHMI P', '2003-03-04'),
(259, '21UGCA078', 'PRAVEEN KUMAR P', '2004-04-10'),
(260, '21UGCA079', 'RAHNA SHERIN R', '2003-05-24'),
(261, '21UGCA080', 'RAHUL KLUZER', '2002-01-19'),
(262, '21UGCA081', 'RAJITH S', '2003-05-31'),
(263, '21UGCA082', 'RAMPRAKASH P', '2003-06-02'),
(264, '21UGCA083', 'RANVIR KUMAR', '2000-04-10'),
(265, '21UGCA084', 'ROHIT KUMAR', '2003-01-01'),
(266, '21UGCA085', 'RUPESH', '2004-04-12'),
(267, '21UGCA086', 'SAGAR K', '2003-01-24'),
(268, '21UGCA087', 'SAI KIRAN S', '2003-07-16'),
(269, '21UGCA088', 'SAKTHIKUMAR T', '2003-10-18'),
(270, '21UGCA089', 'SANATH SACHIN', '2003-07-09'),
(271, '21UGCA090', 'SANDEEP K S', '2003-07-19'),
(272, '21UGCA091', 'SANJAY BABU', '2003-10-20'),
(273, '21UGCA093', 'SARATH K', '2003-03-09'),
(274, '21UGCA094', 'SATYAM KUMAR', '2003-01-01'),
(275, '21UGCA095', 'SHEJEER S', '2002-07-07'),
(276, '21UGCA096', 'SHIFA M', '2002-02-20'),
(277, '21UGCA097', 'SHREE LAKSHMI M', '2003-05-07'),
(278, '21UGCA098', 'SIJU S', '2003-04-29'),
(279, '21UGCA099', 'SIVAKUMAR G', '2002-12-21'),
(280, '21UGCA100', 'SNEHA A', '2003-07-31'),
(281, '21UGCA101', 'SOORAJ S', '2003-06-04'),
(282, '21UGCA102', 'SREENANDU U', '2002-12-04'),
(283, '21UGCA103', 'SREELAKSHMI P', '2003-01-22'),
(284, '21UGCA104', 'SREERAM R', '2003-02-19'),
(285, '21UGCA105', 'S SUMESH', '2003-11-05'),
(286, '21UGCA106', 'SUMITHRA G', '2004-03-23'),
(287, '21UGCA107', 'SURYA KRISHNA SUNIL', '2003-01-08'),
(288, '21UGCA108', 'THAHAYASIN A', '2003-04-28'),
(289, '21UGCA109', 'THANZIL RAHMAN F', '2003-10-21'),
(290, '21UGCA110', 'TOPAN KUMAR RAY', '2002-03-30'),
(291, '21UGCA111', 'UJWAL U', '2004-01-11'),
(292, '21UGCA112', 'VEERASAKTHISWARAN R', '2003-05-04'),
(293, '21UGCA113', 'VICKY KUMAR CHOUHAN', '2004-02-06'),
(294, '21UGCA114', 'VIGNESH M', '2002-01-06'),
(295, '21UGCA115', 'VIJAY M', '2004-03-07'),
(296, '21UGCA116', 'VISHNU PRADEESH P', '2003-04-14'),
(297, '21UGCA117', 'VISHNU S NAIR', '2002-07-23'),
(298, '21UGCA118', 'RAKESH KUMAR', '2004-08-11'),
(299, '21UGCA119', 'SUMAN KUMAR', '2004-05-21'),
(300, '21UGCA120', 'ABHISHEK KUMAR CHOUHAN', '2002-10-10'),
(301, '21UGCB001', 'ANANTHU M P', '2003-10-22'),
(302, '21UGCB002', 'ANJALI A', '2004-06-25'),
(303, '21UGCB003', 'DAYAN K A', '2004-06-04'),
(304, '21UGCB004', 'DHARSHINI B', '2003-09-06'),
(305, '21UGCB005', 'DRAVIDASELVAN S', '2003-07-17'),
(306, '21UGCB006', 'GURUPRASAD C B', '2003-01-05'),
(307, '21UGCB007', 'HARIKEERTHAN K', '2003-05-22'),
(308, '21UGCB008', 'KEERTHANA C', '2003-08-23'),
(309, '21UGCB009', 'MADHUMALINI K', '2004-04-04'),
(310, '21UGCB010', 'MAHESWARI M', '2004-02-23'),
(311, '21UGCB011', 'MITHUNA N', '2003-05-26'),
(312, '21UGCB012', 'SHALINI M', '2003-08-23'),
(313, '21UGCB013', 'SOWMIYA S', '2004-01-28'),
(314, '21UGCB014', 'M VISHNU', '2003-10-26'),
(315, '21UGCC001', 'AADHIL S', '2001-11-20'),
(316, '21UGCC002', 'ADHIL FAYAS R', '2003-08-08'),
(317, '21UGCC003', 'ADITHYAN R', '2002-05-13'),
(318, '21UGCC004', 'AJAY M', '2003-03-01'),
(319, '21UGCC005', 'AJEEZ AHMED S', '2004-05-23'),
(320, '21UGCC006', 'AJMAL RAFIK N', '2003-01-22'),
(321, '21UGCC007', 'AKASH N JAYAPRAKASH', '2003-06-25'),
(322, '21UGCC008', 'AMALKRISHNA P', '2002-11-30'),
(323, '21UGCC009', 'ANANTHI S', '2004-03-24'),
(324, '21UGCC010', 'ANFIYA F', '2004-01-11'),
(325, '21UGCC011', 'ANSHAF MOHAMED M', '2003-07-01'),
(326, '21UGCC012', 'APZAL RAHMAN A', '2003-09-05'),
(327, '21UGCC013', 'ARUN M', '2004-03-02'),
(328, '21UGCC014', 'ARUNDHATHI P', '2004-04-21'),
(329, '21UGCC015', 'ASWIN K', '2002-10-19'),
(330, '21UGCC016', 'BALAJI S', '2003-06-25'),
(331, '21UGCC017', 'BHARATHRAJ B', '2001-12-16'),
(332, '21UGCC018', 'DEVI VIJAYAN', '2003-03-04'),
(333, '21UGCC019', 'DHARSAN N', '2003-08-06'),
(334, '21UGCC020', 'DINESH S', '2004-06-10'),
(335, '21UGCC021', 'FASEELA M B', '2004-03-11'),
(336, '21UGCC022', 'HARI PRASAD V', '2004-03-02'),
(337, '21UGCC023', 'KAVINKUMAR R', '2003-11-28'),
(338, '21UGCC024', 'KAVI RAJA T', '2003-01-07'),
(339, '21UGCC025', 'KRISHNA VALSAN M', '2003-06-27'),
(340, '21UGCC026', 'MADHAN KUMAR K', '2004-04-01'),
(341, '21UGCC027', 'MAHESH KUMAR M', '2003-07-31'),
(342, '21UGCC028', 'MAHESH PRABHU P', '2003-03-03'),
(343, '21UGCC029', 'MARIA RESHMA M', '2003-03-27'),
(344, '21UGCC030', 'MOHAMMED ANAS S', '2003-05-14'),
(345, '21UGCC031', 'MOHAMED ARSHAD J N', '2002-07-10'),
(346, '21UGCC032', 'MOHAMMED AZARUDHEEN R', '2003-02-20'),
(347, '21UGCC033', 'MOHAMMED JABIR A', '2003-06-04'),
(348, '21UGCC034', 'MOHAMMED RANEEB S', '2003-06-01'),
(349, '21UGCC035', 'MOHAMMED SAFEER S', '2002-10-14'),
(350, '21UGCC036', 'MOHAMMED SHAMEEM AKTHAR M', '2003-02-09'),
(351, '21UGCC037', 'MOHAMMED ZAMEEL A', '2003-10-07'),
(352, '21UGCC038', 'MONIKA V R', '2002-03-25'),
(353, '21UGCC039', 'MONISH R N', '2003-08-28'),
(354, '21UGCC040', 'MUSAIB I', '2003-08-13'),
(355, '21UGCC041', 'NAGAVIGNESH S', '2003-11-27'),
(356, '21UGCC042', 'NANDHANA M S', '2003-06-28'),
(357, '21UGCC043', 'NAVEEN KUMAR M', '2004-02-14'),
(358, '21UGCC044', 'NAVEEN V', '2003-08-30'),
(359, '21UGCC045', 'NIDHIN TOM', '2003-07-20'),
(360, '21UGCC046', 'NISHOK K R V', '2003-11-10'),
(361, '21UGCC047', 'NITHEESH S', '2003-09-30'),
(362, '21UGCC048', 'PAPPIN P', '2004-06-15'),
(363, '21UGCC049', 'PAVITHRA G', '2003-01-27'),
(364, '21UGCC050', 'PAVITHRA K', '2004-05-08'),
(365, '21UGCC051', 'PRAJIN S', '2002-05-18'),
(366, '21UGCC052', 'RACHEL PRISCILLA R', '2003-04-18'),
(367, '21UGCC053', 'RAJASEKAR N', '2003-05-23'),
(368, '21UGCC054', 'RAJESH A', '2003-08-04'),
(369, '21UGCC055', 'REMYA R', '2004-05-09'),
(370, '21UGCC056', 'RIJIN V R', '2003-08-29'),
(371, '21UGCC057', 'RITHICK ROSHAN L', '2004-05-03'),
(372, '21UGCC058', 'SAHEER AFSEER A', '2002-09-12'),
(373, '21UGCC059', 'SANJAY S', '2004-06-19'),
(374, '21UGCC060', 'SARAN DEV S', '2004-04-25'),
(375, '21UGCC061', 'SARANYA N', '2003-02-07'),
(376, '21UGCC062', 'SATHISH KUMAR K', '2002-09-23'),
(377, '21UGCC063', 'SHAMEEL S', '2003-09-05'),
(378, '21UGCC064', 'SIVAGURUNATHAN P M', '2003-08-15'),
(379, '21UGCC065', 'SNEHA B', '2004-06-12'),
(380, '21UGCC066', 'SNEHA R NAIR', '2003-04-08'),
(381, '21UGCC067', 'SOURAV RAJ R', '2003-10-14'),
(382, '21UGCC068', 'SRI SAKTHI KALA G', '2003-10-07'),
(383, '21UGCC069', 'VAISHNAVI S', '2003-06-28'),
(384, '21UGCC070', 'VIGNESHWARAN T', '2004-01-11'),
(385, '21UGCC071', 'VISHNU C', '2003-08-11'),
(386, '21UGCC072', 'VITHINI MOL S', '2003-03-27'),
(387, '21UGCD001', 'AKSHARA K V', '2002-08-30'),
(388, '21UGCD002', 'AMIRTHA SIVANI', '2002-06-28'),
(389, '21UGCD003', 'ANU KEERTHANA B', '2003-08-14'),
(390, '21UGCD004', 'ARTHI A N', '2004-01-05'),
(391, '21UGCD005', 'BALA ASWINI N', '2004-06-14'),
(392, '21UGCD007', 'DHANUSH KUMAR G M', '2004-01-21'),
(393, '21UGCD008', 'DHARANI P', '2004-02-21'),
(394, '21UGCD009', 'DIMPLE V B', '2002-11-08'),
(395, '21UGCD010', 'DIVYA HARSHINI R', '2003-12-11'),
(396, '21UGCD011', 'DIVYA T', '2002-07-17'),
(397, '21UGCD012', 'GAYATHRI S', '2003-12-02'),
(398, '21UGCD013', 'HARISH KESAVAN V', '2003-08-25'),
(399, '21UGCD014', 'KANIMOZHI K', '2003-07-03'),
(400, '21UGCD015', 'KRITHIKA B', '2004-01-04'),
(401, '21UGCD016', 'MENAKA M', '2003-08-26'),
(402, '21UGCD017', 'NITHIS R', '1999-03-24'),
(403, '21UGCD018', 'NITHYA N', '2003-08-27'),
(404, '21UGCD019', 'RAAJAVARSHINI S', '2004-04-05'),
(405, '21UGCD020', 'RAMSANA A', '2003-05-19'),
(406, '21UGCD021', 'RISWANA R', '2003-02-09'),
(407, '21UGCD022', 'SANDRA SHAJI', '2003-07-04'),
(408, '21UGCD023', 'SHERLIN JENY J', '2003-09-08'),
(409, '21UGCD024', 'SYAMRAJ K R', '2000-03-22'),
(410, '21UGCD025', 'VARSHA M', '2001-05-17'),
(411, '21UGCH001', 'AARON REPHAN S', '2003-05-16'),
(412, '21UGCH003', 'ADITHYAN U', '2003-01-16'),
(413, '21UGCH004', 'AKASH KUMAR', '2003-12-12'),
(414, '21UGCH005', 'ALMESH P J', '2003-07-11'),
(415, '21UGCH006', 'AMAL BENNY', '2001-02-06'),
(416, '21UGCH007', 'AMIT KUMAR GIRI', '2004-03-25'),
(417, '21UGCH008', 'ASHISH RANJAN', '2004-07-12'),
(418, '21UGCH009', 'ASWATH N', '2001-12-27'),
(419, '21UGCH010', 'BAJRANGI KUMAR', '2003-11-27'),
(420, '21UGCH011', 'BIBINDAS D', '2003-07-25'),
(421, '21UGCH012', 'ELDHOSE SHANTU', '2003-01-20'),
(422, '21UGCH014', 'GAURAV KUMAR', '2001-05-08'),
(423, '21UGCH015', 'GOLU KUMAR', '2004-05-17'),
(424, '21UGCH016', 'HARDEV KUMAR', '1998-10-09'),
(425, '21UGCH018', 'JIBIN SAM', '1997-09-17'),
(426, '21UGCH019', 'JOHN LEO J', '2003-10-12'),
(427, '21UGCH020', 'KUNDAN KUMAR', '2004-06-24'),
(428, '21UGCH023', 'MERVIN VARGHEESE K', '2002-12-13'),
(429, '21UGCH024', 'MOHAMED YASER K', '2002-05-29'),
(430, '21UGCH025', 'NIBU K V', '2003-04-26'),
(431, '21UGCH026', 'NITHULDAS K', '2001-12-04'),
(432, '21UGCH027', 'NITISH KUMAR YADAV', '2003-03-24'),
(433, '21UGCH031', 'RANJANI R', '2002-04-05'),
(434, '21UGCH032', 'REYAZ ALAM', '2003-02-01'),
(435, '21UGCH033', 'ROHIT KUMAR', '2003-03-15'),
(436, '21UGCH034', 'SAHEB RAZA', '2003-11-06'),
(437, '21UGCH035', 'SAI SANJAY V', '2002-06-12'),
(438, '21UGCH036', 'SANJAY D', '2003-06-02'),
(439, '21UGCH037', 'SEJAL KUMARI', '2002-10-25'),
(440, '21UGCH038', 'SHIHAN M P', '2004-06-13'),
(441, '21UGCH039', 'SHIVAM KUMAR', '2003-01-01'),
(442, '21UGCH040', 'SIDDHARTH KUMAR JHA', '2003-09-15'),
(443, '21UGCH042', 'SONU KUMAR', '2003-02-12'),
(444, '21UGCH043', 'SUNNY KUMAR', '2002-08-20'),
(445, '21UGCH044', 'SURAJ KUMAR', '2003-08-16'),
(446, '21UGCH046', 'VIKRAM KUMAR', '2002-11-15'),
(447, '21UGCH048', 'VIVEK KUMAR', '2002-02-25'),
(448, '21UGCH049', 'YASWANTH V P', '2002-07-16'),
(449, '21UGCH050', 'KHUSHABOO KUMARI', '2001-02-12'),
(450, '21UGCI001', 'AAZIM A F', '2003-10-02'),
(451, '21UGCI002', 'ABDUL RAZEETH A', '2002-09-09'),
(452, '21UGCI003', 'ABDULLA S', '2003-08-28'),
(453, '21UGCI004', 'AISHWARYA J', '2003-10-04'),
(454, '21UGCI005', 'AKASH S', '2003-10-28'),
(455, '21UGCI006', 'AKHIL SURESH', '2003-06-28'),
(456, '21UGCI007', 'AKSHAY KRISHNAN S', '2004-02-23'),
(457, '21UGCI008', 'ANANTHI S', '2004-07-28'),
(458, '21UGCI009', 'M ARJUN', '2003-03-10'),
(459, '21UGCI010', 'AROCKIA EDISON A', '2003-05-27'),
(460, '21UGCI011', 'ASHIQ A', '2004-05-27'),
(461, '21UGCI012', 'ASHIQ AHAMED N', '2003-04-09'),
(462, '21UGCI013', 'ATUL KRISHNA', '2002-10-04'),
(463, '21UGCI014', 'AZARIAH SUGANTH KIRUBHAKARAN V', '2003-06-10'),
(464, '21UGCI015', 'AZEES S', '2004-04-14'),
(465, '21UGCI017', 'DEEPALAKSHMI S', '2003-12-07'),
(466, '21UGCI018', 'DEVAPRAKASH N', '2002-12-30'),
(467, '21UGCI019', 'DHANUSHREE R', '2004-04-08'),
(468, '21UGCI020', 'DURGADEVI A', '2003-09-11'),
(469, '21UGCI021', 'GAYATHRI C R', '2003-09-29'),
(470, '21UGCI022', 'GOKULPRASANTH S', '2003-03-30'),
(471, '21UGCI023', 'GOWTHAM R', '2004-04-25'),
(472, '21UGCI024', 'HARIHARA KANNAN C', '2003-05-15'),
(473, '21UGCI025', 'HARISH A', '2002-12-18'),
(474, '21UGCI026', 'HEMASHREE S', '2003-09-21'),
(475, '21UGCI027', 'INDRAJITH PRATHAPAN', '2003-12-20'),
(476, '21UGCI028', 'JOBIN SATHEESH LUKOSE', '2003-12-04'),
(477, '21UGCI029', 'KESAVAN V', '2004-01-23'),
(478, '21UGCI030', 'MANJULADEVI M', '2003-11-02'),
(479, '21UGCI031', 'MOHAMED THOUFEEK M', '2003-08-05'),
(480, '21UGCI032', 'MOHAMMAD SALMAN M', '2003-09-30'),
(481, '21UGCI033', 'MOHAMMED SHAJITH V M', '2003-05-31'),
(482, '21UGCI034', 'MOHAMMED FAYAS A', '2003-06-04'),
(483, '21UGCI035', 'MOHAMMED HARSHAK M A', '2002-02-18'),
(484, '21UGCI036', 'MOHAMMED KAIF I', '2003-01-18'),
(485, '21UGCI037', 'NEVEDHA B', '2004-03-22'),
(486, '21UGCI038', 'PRAVEENA A', '2003-10-23'),
(487, '21UGCI039', 'SANDHIYA S', '2004-01-27'),
(488, '21UGCI040', 'SANJAY S', '2003-04-23'),
(489, '21UGCI042', 'SATHIYA S', '2004-02-03'),
(490, '21UGCI043', 'SHAHEEL AHAMMED J', '2003-09-16'),
(491, '21UGCI044', 'SHUHAIL A M', '2002-10-10'),
(492, '21UGCI045', 'SUDHEESH S', '2003-12-05'),
(493, '21UGCI046', 'THARANRAJ S', '2003-06-07'),
(494, '21UGCI047', 'THIVAGARAN V', '2004-05-20'),
(495, '21UGCI048', 'VIGNESH BALAN S', '2003-08-21'),
(496, '21UGCI049', 'VIGNESH R', '2003-09-07'),
(497, '21UGCI050', 'VISHALDASAN S', '2003-05-16'),
(498, '21UGCP001', 'ABHIDHIJ K S', '2003-02-10'),
(499, '21UGCP002', 'ABHINAND K', '2003-09-05'),
(500, '21UGCP003', 'ADITH P', '2003-04-24'),
(501, '21UGCP004', 'ADITHYA S', '2004-06-14'),
(502, '21UGCP005', 'AHAMAD AKRAM N', '2002-11-21'),
(503, '21UGCP006', 'AL ANUSH FATHIMA U', '2003-08-14'),
(504, '21UGCP007', 'AMAL KATHEENA N B', '2003-12-17'),
(505, '21UGCP008', 'ANURAG MOHAN', '2004-01-08'),
(506, '21UGCP009', 'APARNA K S', '2002-03-18'),
(507, '21UGCP010', 'ARUN KUMAR K', '2002-10-08'),
(508, '21UGCP011', 'ASARUDEEN M', '2001-10-07'),
(509, '21UGCP012', 'BINU D', '2003-02-17'),
(510, '21UGCP013', 'CHANDRALEKA S', '2004-05-15'),
(511, '21UGCP014', 'DEEPADHARSHAN V', '2004-03-20'),
(512, '21UGCP015', 'DEVASRI B', '2004-03-11'),
(513, '21UGCP016', 'DHANASEKAR N', '2003-12-20'),
(514, '21UGCP017', 'DHARSHINI S G', '2004-02-12'),
(515, '21UGCP018', 'DIBUL JAFFER K', '2003-01-15'),
(516, '21UGCP019', 'DINESHKUMAR S', '2003-08-15'),
(517, '21UGCP020', 'ESSAI TAMIL SELVAN S', '2003-11-17'),
(518, '21UGCP021', 'GOKUL K', '2003-05-23'),
(519, '21UGCP022', 'GOWTHAM K', '2003-11-15'),
(520, '21UGCP023', 'GURUPRASATH S', '2004-08-29'),
(521, '21UGCP024', 'HEMA C', '2004-03-30'),
(522, '21UGCP025', 'JAI YOGESH K', '2002-08-17'),
(523, '21UGCP026', 'JESMINA KHATOON J', '2003-07-10'),
(524, '21UGCP027', 'KARNAVEL E', '2002-09-19'),
(525, '21UGCP028', 'KARTHICK A', '2003-12-26'),
(526, '21UGCP029', 'KARTHIGAN K', '2003-09-16'),
(527, '21UGCP030', 'KRISHNA KUMAR R', '2003-08-07'),
(528, '21UGCP031', 'KRITI VYAS', '2001-10-05'),
(529, '21UGCP032', 'LAVANYA D', '2003-07-22'),
(530, '21UGCP033', 'MADHU BALA B', '2002-12-02'),
(531, '21UGCP034', 'MAHESHKUMAR R', '2003-06-06'),
(532, '21UGCP035', 'MOHAMMED AFRIN M', '2003-06-10'),
(533, '21UGCP036', 'MOHANA SABAREES G', '2004-04-03'),
(534, '21UGCP037', 'MUHAMMED SAHAL A D', '2003-05-20'),
(535, '21UGCP038', 'NAVYA R', '2003-06-25'),
(536, '21UGCP039', 'K S NITHYA', '2003-06-03'),
(537, '21UGCP040', 'NIVETHA S', '2003-09-27'),
(538, '21UGCP041', 'PRAGATHEESHWAR P', '2004-01-06'),
(539, '21UGCP042', 'PRATHAP S', '2004-03-31'),
(540, '21UGCP043', 'PRAVEENA D', '2003-11-20'),
(541, '21UGCP044', 'PRIYADHARSHAN K', '2004-06-06'),
(542, '21UGCP045', 'PRIYADHARSHINI J', '2003-01-02'),
(543, '21UGCP046', 'SANJEEV V', '2003-07-19'),
(544, '21UGCP047', 'SIDHARTH S', '2003-04-11'),
(545, '21UGCP048', 'SINDHUJA D', '2003-11-04'),
(546, '21UGCP049', 'SIVARANJINI S NAIR', '2003-05-21'),
(547, '21UGCP050', 'SWETHA A', '2003-08-17'),
(548, '21UGCP051', 'SYED NAFEEZ HUSSIAN I', '2004-03-11'),
(549, '21UGCP052', 'THRISHA MANI R U', '2003-05-11'),
(550, '21UGCP053', 'VIBIKUMAR V', '2003-09-18'),
(551, '21UGCP054', 'VIDHULA SREE A', '2004-03-11'),
(552, '21UGCP055', 'VIJAY VARSHAN S', '2004-07-14'),
(553, '21UGCP056', 'YUGHANDHARA K N', '2004-05-07'),
(554, '21UGCR001', 'ANJALI MISHRA', '2003-11-23'),
(555, '21UGCR002', 'ASHLIN KIJO C', '2003-09-26'),
(556, '21UGCR003', 'AYYAPPAN P', '2004-02-12'),
(557, '21UGCR004', 'DHAYANITHIMARAN T', '2004-07-09'),
(558, '21UGCR005', 'FARHAN F', '2003-01-21'),
(559, '21UGCR006', 'GAURAV THARA DAS G', '2002-07-24'),
(560, '21UGCR007', 'GAYATHRI G', '2002-12-24'),
(561, '21UGCR008', 'GOWTHAM E', '2003-06-05'),
(562, '21UGCR009', 'GURUSANGAVI S K', '2004-05-22'),
(563, '21UGCR010', 'HARIRAM M', '2002-07-06'),
(564, '21UGCR011', 'IHZAS SUHAIR M S', '2003-12-30'),
(565, '21UGCR012', 'INDHU LEGHA A', '2004-04-10'),
(566, '21UGCR013', 'JASMINE J', '2004-07-20'),
(567, '21UGCR014', 'JOEL ROBERT T', '2002-12-22'),
(568, '21UGCR015', 'JOHN ABHISHEK S', '2002-02-21'),
(569, '21UGCR016', 'KARPAGA PRIYA S', '2004-01-23'),
(570, '21UGCR018', 'MAHALAKSHMI J', '2004-02-20'),
(571, '21UGCR019', 'MALAVIKA S', '2003-11-17'),
(572, '21UGCR020', 'MIRTHIKA G', '2003-08-21'),
(573, '21UGCR021', 'MONICKA J', '2003-10-22'),
(574, '21UGCR024', 'PAVITHRAN R', '2004-05-18'),
(575, '21UGCR025', 'PRASATH M', '2004-03-08'),
(576, '21UGCR027', 'SANTHANA BHARATHI V', '2004-05-28'),
(577, '21UGCR028', 'SENTHILRAMANAN B', '2003-10-16'),
(578, '21UGCR029', 'SREEDEVI S', '2004-06-21'),
(579, '21UGCR030', 'SREELAKSHMI S', '2003-07-10'),
(580, '21UGCR031', 'VENIS RAJA M', '2003-02-15'),
(581, '21UGCR032', 'VISHWAMITRA KUMAR SHARMA', '2003-01-01'),
(582, '21UGCS001', 'ADHITHYAN R', '2003-03-12'),
(583, '21UGCS003', 'ARCHANA P R', '2003-05-24'),
(584, '21UGCS005', 'ASHKAR ISMAYIL', '2003-04-25'),
(585, '21UGCS006', 'ASHTRIK U', '2002-12-25'),
(586, '21UGCS007', 'ASWINKUMAR M', '2004-09-06'),
(587, '21UGCS008', 'ASWIN S', '2003-04-26'),
(588, '21UGCS010', 'BINU KUMAR N', '2002-05-04'),
(589, '21UGCS011', 'DEVIDASAN M', '2003-11-27'),
(590, '21UGCS012', 'DHANUSHYA S', '2004-03-10'),
(591, '21UGCS014', 'FIROSGHAN M', '2004-02-09'),
(592, '21UGCS016', 'GURUPRAKASH R', '2004-05-22'),
(593, '21UGCS017', 'HARIHARAN S', '2003-10-09'),
(594, '21UGCS018', 'HARISH RAHUL G P', '2004-05-10'),
(595, '21UGCS019', 'HEMA CHANDRIKA V', '2004-03-03'),
(596, '21UGCS020', 'JASWANTH M', '2003-10-31'),
(597, '21UGCS021', 'JONAH JIJI PAUL', '2002-09-03'),
(598, '21UGCS022', 'JOSHIKA S', '2003-07-25'),
(599, '21UGCS023', 'JOTHIYAPRABHA S', '2003-06-18'),
(600, '21UGCS024', 'JUWIN PRASAD', '2003-06-21'),
(601, '21UGCS025', 'KADEEJA NOURIN PARAPURATH', '2003-03-20'),
(602, '21UGCS026', 'KAVYA K', '2002-09-17'),
(603, '21UGCS028', 'MANIVEL S', '2003-12-04'),
(604, '21UGCS029', 'MDAHOMA IDRISSE', '1999-07-07'),
(605, '21UGCS030', 'MOHAMED ANSAR ALI M', '2003-07-23'),
(606, '21UGCS031', 'MOHAMMED FARDHIN IRSHATH A', '2003-11-17'),
(607, '21UGCS032', 'MOHANRAJ S', '2003-03-17'),
(608, '21UGCS033', 'MUHAMED FARHAN Z', '2003-05-21'),
(609, '21UGCS034', 'NAYANA P', '2003-07-30'),
(610, '21UGCS035', 'NINITHA N', '2003-04-01'),
(611, '21UGCS036', 'PAUL ONESIMUS A', '2004-05-09'),
(612, '21UGCS037', 'PRADEEP A', '2003-11-26'),
(613, '21UGCS038', 'PRANAV C P', '2003-07-23'),
(614, '21UGCS039', 'PRAVEEN KUMAR K', '2003-10-14'),
(615, '21UGCS041', 'RAMKUMAR T', '2004-04-06'),
(616, '21UGCS042', 'ROHITH S', '2003-06-22'),
(617, '21UGCS043', 'RUBI V', '2002-09-11'),
(618, '21UGCS044', 'SAJEEV S', '2004-04-06'),
(619, '21UGCS045', 'SANJAYMOORTHY D', '2002-10-27'),
(620, '21UGCS046', 'SANTHIYA S', '2004-10-15'),
(621, '21UGCS047', 'SANTHOSH KUMAR M', '2004-03-22'),
(622, '21UGCS048', 'SHAHID AFREED F', '2002-12-03'),
(623, '21UGCS049', 'SHIJOY G', '2003-08-23'),
(624, '21UGCS050', 'SOORAJ S', '2003-10-25'),
(625, '21UGCS051', 'SREERAM M', '2002-07-06'),
(626, '21UGCS052', 'SREEHARI S', '2003-12-23'),
(627, '21UGCS054', 'SURYA S', '2002-09-21'),
(628, '21UGCS055', 'SWETHA S', '2003-02-04'),
(629, '21UGCS056', 'VINOTHKUMAR M', '2004-09-14'),
(630, '21UGCS057', 'VISHMITHA V', '2003-08-25'),
(631, '21UGCS058', 'VISHNU G', '2003-01-15'),
(632, '21UGDF001', 'A ABDULNAZAR', '2003-04-28'),
(633, '21UGDF002', 'ABHIJITH S', '2003-09-03'),
(634, '21UGDF003', 'ABHIRAMI V', '2002-04-02'),
(635, '21UGDF004', 'AKASH M', '2004-02-23'),
(636, '21UGDF005', 'AKHIL K', '2004-05-26'),
(637, '21UGDF006', 'AKHIL R', '2003-01-14'),
(638, '21UGDF007', 'ARIVUSELVAN S', '2004-04-03'),
(639, '21UGDF008', 'ARJUN L', '2002-11-12'),
(640, '21UGDF009', 'ATHIRA B', '2004-01-12'),
(641, '21UGDF010', 'ATHIRA G', '2002-10-27'),
(642, '21UGDF011', 'BHARATH KUMAR S', '2002-10-21'),
(643, '21UGDF012', 'CHRISTY S', '2003-03-25'),
(644, '21UGDF013', 'DHARANESH C', '2003-11-26'),
(645, '21UGDF014', 'DHARSHINI G', '2004-07-07'),
(646, '21UGDF015', 'JUBIN RAJ K R', '2004-02-18'),
(647, '21UGDF016', 'MANIKANDAN S', '2003-09-23'),
(648, '21UGDF017', 'MANIKANDAN V', '2003-04-27'),
(649, '21UGDF018', 'MANYA S', '2003-01-18'),
(650, '21UGDF019', 'MOHAMMED HASHIM A', '2003-10-18'),
(651, '21UGDF020', 'MOHAMMED RIZWAN K A', '2002-04-05'),
(652, '21UGDF021', 'MRITHUL K', '2003-04-01'),
(653, '21UGDF022', 'RAHUL B', '2003-01-22'),
(654, '21UGDF023', 'RIYA R', '2003-10-10'),
(655, '21UGDF024', 'SARAVANAKUMAR S', '2002-02-27'),
(656, '21UGDF025', 'SREEDARSH M', '2003-01-16'),
(657, '21UGDF026', 'SREEDEVI S NAIR', '2003-02-15'),
(658, '21UGDF027', 'SRIVARSHAN G', '2003-06-19'),
(659, '21UGDF028', 'SRUTHI S', '2003-09-03'),
(660, '21UGDT001', 'ABDUL JASIM JALEEL A J', '2002-09-25'),
(661, '21UGDT002', 'ADITH KRISHNA S', '2003-09-22'),
(662, '21UGDT003', 'AKHIL M', '2003-05-23'),
(663, '21UGDT004', 'ANAND P M', '2002-12-31'),
(664, '21UGDT005', 'ANAND T MANOJ', '1999-11-18'),
(665, '21UGDT006', 'ARJUN N', '2003-01-04'),
(666, '21UGDT008', 'ASIF V M', '2003-06-05'),
(667, '21UGDT009', 'ASWAN M', '2003-11-24'),
(668, '21UGDT010', 'BALAKUMAR S', '2004-02-09'),
(669, '21UGDT012', 'MUHAMMED ALI S', '2002-04-29'),
(670, '21UGDT013', 'PRAVEEN KUMAR J', '2003-09-05'),
(671, '21UGDT014', 'SENTHILPANDI PL', '2003-11-17'),
(672, '21UGDT016', 'SIVANESAN S', '2004-09-29'),
(673, '21UGDT018', 'SOORAJ S', '2002-10-16'),
(674, '21UGDT019', 'SRILEKHA S', '2003-07-19'),
(675, '21UGDT022', 'VIMALRAJ S', '2004-01-05'),
(676, '21UGDT023', 'VISHNUDEV K', '2003-02-16'),
(677, '21UGEN001', 'BRIGHT JEFFRIN J', '2003-05-20'),
(678, '21UGEN002', 'GANAPATHY RAJU S', '2002-10-16'),
(679, '21UGEN003', 'GOWSHIKHA KARUNA C K', '2003-05-12'),
(680, '21UGEN004', 'KARUNA SAGAR M', '1997-09-30'),
(681, '21UGEN005', 'NIMISHA P V', '2003-09-20'),
(682, '21UGEN006', 'PILLAI DEVAKI UNNIKRISHNA', '2003-05-10'),
(683, '21UGEN007', 'SAFRIN F', '2003-10-27'),
(684, '21UGEN008', 'SHISHIRA L', '2003-09-18'),
(685, '21UGEN009', 'SHWEATHA M', '2003-11-22'),
(686, '21UGEN010', 'SISIRA C', '2002-11-24'),
(687, '21UGEN011', 'VISHNUPRIYA R', '2003-08-06'),
(688, '21UGFS001', 'U ADHIKSHA', '2003-10-29'),
(689, '21UGFS002', 'ARDRA R', '2003-06-21'),
(690, '21UGFS003', 'BISMIYA S', '1995-02-06'),
(691, '21UGFS004', 'GAGAN KRISHNA', '2003-09-01'),
(692, '21UGFS005', 'JERRY GODWIN T', '2000-11-10'),
(693, '21UGFS006', 'LOGASREE D', '2004-04-21'),
(694, '21UGFS007', 'MOHAMED NOUSATH A', '2003-08-17'),
(695, '21UGFS008', 'SAHAYA JESIHA S', '2003-10-21'),
(696, '21UGFS009', 'SAVITHA S', '2001-06-19'),
(697, '21UGIT001', 'ABIMANYU M', '2003-01-18'),
(698, '21UGIT002', 'AHAMED ASHICK B', '2004-04-22'),
(699, '21UGIT003', 'ALIS NIROTHA A', '2003-09-04'),
(700, '21UGIT004', 'ASHIF A', '2003-07-22'),
(701, '21UGIT005', 'ASHWIN KUMAR V L', '2004-01-01'),
(702, '21UGIT006', 'CHANDRU K', '2003-10-10'),
(703, '21UGIT007', 'DHARSAN B', '2003-10-20'),
(704, '21UGIT008', 'DHARUNKUMAR V', '2003-12-02'),
(705, '21UGIT010', 'DINESH KUMAR', '2004-01-10'),
(706, '21UGIT011', 'DRISHYA G', '2004-01-06'),
(707, '21UGIT013', 'JAGAN K J', '2003-08-10'),
(708, '21UGIT014', 'JUNAIDH M', '2002-11-14'),
(709, '21UGIT015', 'KEERTHANA S', '2004-01-09'),
(710, '21UGIT016', 'MANI K', '2001-08-11'),
(711, '21UGIT017', 'MEIARASU T', '2004-04-28'),
(712, '21UGIT018', 'MITHESH GAJA KIRAN RAO A A', '2002-04-22'),
(713, '21UGIT019', 'MOHAMED RASIK M', '2003-05-16'),
(714, '21UGIT020', 'MOHAMMED JESHIL J', '2002-11-01'),
(715, '21UGIT021', 'NAVYA K', '2003-09-03'),
(716, '21UGIT022', 'NICHOLAS PRAVEENKUMAR D S', '2000-09-05'),
(717, '21UGIT023', 'PRAKASHRAJ S', '2000-12-13'),
(718, '21UGIT027', 'SABANA HASMI A', '2003-06-24'),
(719, '21UGIT028', 'SABARI NATHAN S', '2004-05-10'),
(720, '21UGIT029', 'SAMSON MATHEW S', '2002-09-13'),
(721, '21UGIT030', 'SARUMATHI K', '2004-07-08'),
(722, '21UGIT032', 'SELVARAJ D', '2003-04-15'),
(723, '21UGIT033', 'SIVA M', '2004-04-12'),
(724, '21UGIT034', 'SOUMYA SALIM', '2002-09-11'),
(725, '21UGIT035', 'SUBHASHINI M', '2003-10-31'),
(726, '21UGIT036', 'SUJITH M', '2002-10-04'),
(727, '21UGIT037', 'SWATHI P', '2004-06-09'),
(728, '21UGIT038', 'VISHNU B', '2004-05-15'),
(729, '21UGIT039', 'YADHAVAN K', '2004-07-29'),
(730, '21UGIT040', 'YOGESHWARAN K', '2004-05-08'),
(731, '21UGMB001', 'AJIN VARGHESE', '2001-10-08'),
(732, '21UGMB003', 'ANISHA A', '2001-09-26'),
(733, '21UGMB004', 'ASWATHI P MENON', '2002-05-11'),
(734, '21UGMB005', 'BINI MOL BINOY', '2002-11-27'),
(735, '21UGMB006', 'DANIEL RAJ V', '2003-05-21'),
(736, '21UGMB007', 'DILIPKUMAR V', '2004-07-26'),
(737, '21UGMB008', 'DINESH S', '2004-01-10'),
(738, '21UGMB009', 'HARSSHA B S', '2002-01-11'),
(739, '21UGMB010', 'JEEVA JOTHI S', '2004-04-12'),
(740, '21UGMB011', 'KARPAKAM K', '2003-08-05'),
(741, '21UGMB012', 'KAVIYA K', '2001-08-22'),
(742, '21UGMB013', 'MEKHA MANU', '2002-10-22'),
(743, '21UGMB014', 'MOHAMMED FAZIL A', '2001-10-07'),
(744, '21UGMB015', 'NAVYA S', '2003-03-23'),
(745, '21UGMB016', 'NISHANA M', '2002-02-09'),
(746, '21UGMB017', 'NITHYA P', '2004-01-26'),
(747, '21UGMB018', 'RANJITHA R', '2003-09-17'),
(748, '21UGMB019', 'SHIVANI S', '2003-12-05'),
(749, '21UGMB020', 'SHOBIKA P', '2003-01-08'),
(750, '21UGMB021', 'SOWBARNIKA S', '2003-04-07'),
(751, '21UGMB022', 'SUDHAKAR R', '2003-10-01'),
(752, '21UGMB023', 'SUWEKA R', '2003-12-29'),
(753, '21UGMB024', 'VARSHA V P', '2003-08-12'),
(754, '21UGVC001', 'ABIN A THANKACHAN', '2002-01-08'),
(755, '21UGVC002', 'ABINESH A', '2002-02-06'),
(756, '21UGVC003', 'AKASH S', '2003-01-21'),
(757, '21UGVC004', 'ALEN R C', '2002-09-28'),
(758, '21UGVC005', 'ALEXPANDIYAN R', '2003-05-03'),
(759, '21UGVC006', 'ANANDHU VINOD', '2001-12-21'),
(760, '21UGVC007', 'AROMAL S', '2000-01-14'),
(761, '21UGVC008', 'ASWATHY K R', '2003-09-28'),
(762, '21UGVC009', 'ASWIN S', '2002-07-12'),
(763, '21UGVC010', 'ASWINI R', '2003-05-19'),
(764, '21UGVC011', 'AYUSH N', '2002-12-28'),
(765, '21UGVC012', 'BALACHANDHAR S', '2003-12-18'),
(766, '21UGVC013', 'DHANAVARDHANAN R', '2003-08-14'),
(767, '21UGVC014', 'DHANUSH S', '2003-11-05'),
(768, '21UGVC015', 'FATHIMA LIYANA', '2003-08-19'),
(769, '21UGVC016', 'FAVAZ E P', '1999-10-28'),
(770, '21UGVC017', 'GOWRIES C C', '2002-05-13'),
(771, '21UGVC018', 'HIBA SHERIN', '2003-05-24'),
(772, '21UGVC019', 'JOHN DAVID I', '2002-07-26'),
(773, '21UGVC020', 'KAILASH P', '2003-04-16'),
(774, '21UGVC021', 'KALEESWARAN J', '2003-01-17'),
(775, '21UGVC022', 'MEGHANA M M', '2001-10-01'),
(776, '21UGVC023', 'MIDHUN S', '2001-06-02'),
(777, '21UGVC024', 'MUHAMMED RISWAN S', '2003-05-29'),
(778, '21UGVC025', 'MUHAMMED SHAHIN C', '2002-12-16'),
(779, '21UGVC026', 'NANDAKRISHNA A', '2003-03-06'),
(780, '21UGVC027', 'NEVIN K ROY', '2003-03-29'),
(781, '21UGVC028', 'NOBLE ANTO L', '2003-10-19'),
(782, '21UGVC029', 'PRADEEP R', '2003-12-22'),
(783, '21UGVC030', 'PRASANTHKUMAR U', '2000-05-31'),
(784, '21UGVC031', 'PRAVEEN M', '2002-01-04'),
(785, '21UGVC032', 'RANJANI M S', '2004-03-27'),
(786, '21UGVC033', 'ROHITH N G', '2003-05-20'),
(787, '21UGVC034', 'SAJIN X', '2002-11-25'),
(788, '21UGVC035', 'SANJAYDEEPAK K', '2003-02-07'),
(789, '21UGVC036', 'SANJAY S', '2003-03-02'),
(790, '21UGVC037', 'SHIFANA KABEER K K', '2003-04-10'),
(791, '21UGVC038', 'SIDHARTH P', '2003-01-06'),
(792, '21UGVC039', 'SIVABALAN V', '2002-10-01'),
(793, '21UGVC040', 'SOYA S', '2003-01-17'),
(794, '21UGVC041', 'SREE DHANUSHA G', '2001-11-07'),
(795, '21UGVC042', 'SREEKUMAR P B', '2004-01-19'),
(796, '21UGVC043', 'SUGA DEV VARMA B', '2004-03-19'),
(797, '21UGVC044', 'SWEDHARASI V', '2003-07-22'),
(798, '21UGVC045', 'VARSHA S S', '2004-05-18'),
(799, '21UGVC046', 'VIGNESH U', '2004-03-18'),
(800, '21UGVC047', 'YADHAV K', '2003-10-12'),
(801, '21UGVC048', 'YADHUKRISHNAN M K', '2001-09-11');

--
-- Indexes for dumped tables
--

--
-- Indexes for table `courses`
--
ALTER TABLE `courses`
  ADD PRIMARY KEY (`id`),
  ADD KEY `department` (`department`);

--
-- Indexes for table `department`
--
ALTER TABLE `department`
  ADD PRIMARY KEY (`id`);

--
-- Indexes for table `department_head`
--
ALTER TABLE `department_head`
  ADD PRIMARY KEY (`id`),
  ADD KEY `department` (`department`);

--
-- Indexes for table `students`
--
ALTER TABLE `students`
  ADD PRIMARY KEY (`id`),
  ADD KEY `dept` (`dept`);

--
-- Indexes for table `stu_details`
--
ALTER TABLE `stu_details`
  ADD PRIMARY KEY (`id`);

--
-- AUTO_INCREMENT for dumped tables
--

--
-- AUTO_INCREMENT for table `courses`
--
ALTER TABLE `courses`
  MODIFY `id` int(11) NOT NULL AUTO_INCREMENT, AUTO_INCREMENT=30;

--
-- AUTO_INCREMENT for table `department`
--
ALTER TABLE `department`
  MODIFY `id` int(11) NOT NULL AUTO_INCREMENT, AUTO_INCREMENT=17;

--
-- AUTO_INCREMENT for table `department_head`
--
ALTER TABLE `department_head`
  MODIFY `id` int(11) NOT NULL AUTO_INCREMENT, AUTO_INCREMENT=17;

--
-- AUTO_INCREMENT for table `students`
--
ALTER TABLE `students`
  MODIFY `id` int(11) NOT NULL AUTO_INCREMENT, AUTO_INCREMENT=661;

--
-- AUTO_INCREMENT for table `stu_details`
--
ALTER TABLE `stu_details`
  MODIFY `id` int(11) NOT NULL AUTO_INCREMENT, AUTO_INCREMENT=802;

--
-- Constraints for dumped tables
--

--
-- Constraints for table `courses`
--
ALTER TABLE `courses`
  ADD CONSTRAINT `courses_ibfk_1` FOREIGN KEY (`department`) REFERENCES `department` (`id`);

--
-- Constraints for table `department_head`
--
ALTER TABLE `department_head`
  ADD CONSTRAINT `department_head_ibfk_1` FOREIGN KEY (`department`) REFERENCES `department` (`id`);

--
-- Constraints for table `students`
--
ALTER TABLE `students`
  ADD CONSTRAINT `students_ibfk_1` FOREIGN KEY (`dept`) REFERENCES `department` (`id`);
COMMIT;

/*!40101 SET CHARACTER_SET_CLIENT=@OLD_CHARACTER_SET_CLIENT */;
/*!40101 SET CHARACTER_SET_RESULTS=@OLD_CHARACTER_SET_RESULTS */;
/*!40101 SET COLLATION_CONNECTION=@OLD_COLLATION_CONNECTION */;
